06da74694e256b4a92def2e0d9c4adad1aad0ef1	2026-10-05T22:56:50+08:00	Merge pull request #407 from narutojzm1-dot/work/codex-lead/title392-public
d323db17cdc02ff37274fe7934631a73c77aae77	2026-10-05T22:52:56+08:00	Merge pull request #406 from narutojzm1-dot/work/codex-lead/touch382-diagnostic
c1a2b0f4ec5966b4955c54e7be3934933482aff2	2026-10-05T22:49:01+08:00	Merge pull request #404 from narutojzm1-dot/work/codex-lead/save-writer-guidance
a28847a96b422509c32753ceb151e79dd628815b	2026-10-05T22:48:13+08:00	docs: preserve user evidence for yard offset and near-path return (#405)
2beba2a91f03d911e7dd078d3b90ba1509c2643e	2026-10-05T22:43:54+08:00	Merge pull request #403 from narutojzm1-dot/work/game-pm/20261005-2220
54750999339f4f5941d844dab53a542dd63a5160	2026-10-05T22:38:59+08:00	Merge pull request #401 from narutojzm1-dot/work/codex-lead/sheep-attention-release
e4122b356c5686ed541f3a47f07bb9cb80f12b43	2026-10-05T22:34:56+08:00	[GAME-PRODUCER][#155] 圆石边缘清理与世界尺度对照 (#397)
ee2fce7a0988f92b7760a7f64bda81f7a32239ed	2026-10-05T22:33:35+08:00	Merge pull request #392 from narutojzm1-dot/work/grok-contributor/title-short-landscape
0ffc36381f4dfecb8c27dba7de9934935eb3bf0e	2026-10-05T22:18:19+08:00	Merge pull request #398 from narutojzm1-dot/work/codex-lead/hotspot-fence-touch-archive
cded3bf4ac41cb6015ebbcde87ca5223bd1f3f0f	2026-10-05T22:13:06+08:00	Merge pull request #396 from narutojzm1-dot/work/codex-lead/cleanup391-release
10a32bb950894d6c6abfe26e3e3142d3f109e4f9	2026-10-05T22:11:30+08:00	Merge pull request #395 from narutojzm1-dot/work/codex-lead/sheep-attention
a7ee89b04498d5587183a1c02f58d331e8f7985d	2026-10-05T22:06:39+08:00	Merge pull request #393 from narutojzm1-dot/work/game-producer/155-near-path-clean
4fa150819c304b03fb6a36a149e71d4bcd911000	2026-10-05T21:48:37+08:00	Merge pull request #391 from narutojzm1-dot/work/codex-lead/exploration-cleanup-contract
efda46416da095e8cb83eb76f1d9a5e7aa800dd9	2026-10-05T21:38:16+08:00	Merge pull request #390 from narutojzm1-dot/work/game-pm/20261005-2120
75c18aecea6eb1b6f36c73f10b9b343905083860	2026-10-05T21:33:53+08:00	Merge pull request #387 from narutojzm1-dot/work/codex-lead/confirm373-release
f934406e1340ced4ea58c5d48ee23d33997fa9a5	2026-10-05T21:33:49+08:00	Merge pull request #389 from narutojzm1-dot/work/game-producer/153-world-original-notes
5c2f2bb47c675a5cd974ea37c7a1d779b4f964a8	2026-10-05T21:30:37+08:00	Merge pull request #386 from narutojzm1-dot/work/codex-lead/touch-modal-evidence
32aaffdd6d01c3cc1fe713289a1a4b0e94072bcf	2026-10-05T21:29:37+08:00	Merge pull request #383 from narutojzm1-dot/work/codex-assistant/pause-notice-release
18d3f4b39262fed5513990b64cf74bf6f52a6b7f	2026-10-05T21:27:21+08:00	Merge pull request #385 from narutojzm1-dot/work/codex-lead/exploration-retry-release
66ae27d6538b907feb0cea20830c11c7ad2d7705	2026-10-05T21:22:55+08:00	Merge pull request #384 from narutojzm1-dot/work/game-producer/153-creator-original-notes
8d0a2fefa00896aea77810c1d8b7c3e7bc0c7fc4	2026-10-05T21:18:16+08:00	Merge pull request #381 from narutojzm1-dot/work/game-producer/153-living-world-direction
e0d699b8cbaecfabc24a70d2144a7188b5808880	2026-10-05T21:14:00+08:00	Merge pull request #373 from narutojzm1-dot/work/grok-contributor/confirm-panel-fit
47baa1eb43ac902f9e9f5e393ad255f6b94d381a	2026-10-05T21:10:47+08:00	Merge pull request #380 from narutojzm1-dot/work/codex-lead/idle-cleanup-evidence
d707113f8dde1636d24dfcff821518cd0555b277	2026-10-05T21:09:15+08:00	Merge pull request #379 from narutojzm1-dot/work/codex-lead/exploration-retry-feedback
b5f28d6740891fba44574c860a7e7db612621433	2026-10-05T21:04:03+08:00	Merge pull request #376 from narutojzm1-dot/work/game-pm/20261005-2020
046871fa803f3eebd8b9900092bb07ff70671d52	2026-10-05T21:03:50+08:00	Merge pull request #377 from narutojzm1-dot/work/codex-assistant/pause-notice-visibility
e0bb109d76c4f0b1713e173d2b223e8770858acc	2026-10-05T20:56:59+08:00	Merge pull request #372 from narutojzm1-dot/cursor/exp-find-reveal-9e9c
5d6b120dc53d46ff00580072778a0a8de86b8593	2026-10-05T20:50:41+08:00	Merge pull request #374 from narutojzm1-dot/work/codex-lead/goose-hotspots-release
8ee82d6a344e46e64c4a865ce60748c94201b54d	2026-10-05T20:43:12+08:00	Merge pull request #371 from narutojzm1-dot/work/codex-lead/yard-hotspots-acceptance
14084f99aaac18157bf74cf7c1d6a1b03726f977	2026-10-05T20:40:16+08:00	Merge pull request #368 from narutojzm1-dot/cursor/exp-305-web-matrix-9e9c
a067ce9b6674d5c1b35cdc2410f3d507f0f4d6a0	2026-10-05T20:30:39+08:00	Merge pull request #367 from narutojzm1-dot/work/codex-lead/goose-feed-attention
5bb2102aa7d4fbf1c53953d9148762a0495c4c89	2026-10-05T20:20:46+08:00	Merge pull request #366 from narutojzm1-dot/work/codex-lead/hint362-release
0731cc81e77480f8c5401ed786e4f659844bd6eb	2026-10-05T20:06:52+08:00	Merge pull request #365 from narutojzm1-dot/work/codex-assistant/album-landscape-release
1a3842c63558fa68a68ca41c2da58f4c5a254929	2026-10-05T20:05:41+08:00	Merge pull request #362 from narutojzm1-dot/work/grok-contributor/hint-paper-fit
1a44c8c568ab7e06cf0fea29809a3f194a08dffa	2026-10-05T19:49:33+08:00	Merge pull request #363 from narutojzm1-dot/work/codex-lead/exploration-save-combination
bc8a048b964cf39b80291b375f36f7362f0deedc	2026-10-05T19:41:10+08:00	Merge pull request #351 from narutojzm1-dot/work/codex-assistant/album-landscape-readability
8fd9b7f2a748d0a6511a5a0efa3c13e3580b3a84	2026-10-05T19:37:15+08:00	Merge pull request #360 from narutojzm1-dot/work/game-pm/20261005-1920
e36d8db1a30abc693fe8c7caa142621f637307cc	2026-10-05T19:32:36+08:00	Merge pull request #358 from narutojzm1-dot/work/codex-lead/save-feedback-release
33b105f075a1b851450f647c623302070ffafe1f	2026-10-05T19:17:25+08:00	Merge pull request #357 from narutojzm1-dot/work/codex-lead/save-recovery-feedback
6856f07b7fcffb42c869d2bb053c0f6419300f2f	2026-10-05T19:03:13+08:00	Merge pull request #356 from narutojzm1-dot/work/codex-lead/exploration-duck-release
7c1608c7e826f458eaae979d48727b0e6e2bdf58	2026-10-05T18:51:08+08:00	Merge pull request #354 from narutojzm1-dot/work/grok-contributor/title-card
9d8d76cc75c954a2fb2b4581557d3558d9d271b0	2026-10-05T18:48:43+08:00	Merge pull request #355 from narutojzm1-dot/cursor/exp-web-queued-save-9e9c
a936bea68bfb37eea47b00c09e3767af74c72b61	2026-10-05T18:40:02+08:00	Merge pull request #353 from narutojzm1-dot/work/codex-lead/duck-feed-attention
36c13ce8262e24a5aefbf1eaebe5389e31c10204	2026-10-05T18:36:10+08:00	Merge pull request #352 from narutojzm1-dot/work/game-pm/20261005-1820
bc213f9bea231ac01149d9c818d3fa149de83944	2026-10-05T18:31:39+08:00	Merge pull request #342 from narutojzm1-dot/cursor/exp-painted-path-9e9c
04f9ae3aa106f80342744ef3692ae6f515a7831c	2026-10-05T18:27:19+08:00	Merge pull request #349 from narutojzm1-dot/work/codex-lead/daylabel-release-acceptance
81d225c15962a32d7a48a066154859488a155aa4	2026-10-05T18:22:22+08:00	Merge pull request #322 from narutojzm1-dot/cursor/exp-near-path-slice-9e9c
6f553bf58789c62b8cb6f67cae787a16655a61b2	2026-10-05T18:11:36+08:00	Merge pull request #347 from narutojzm1-dot/work/codex-lead/save-release-acceptance
3de05fcbeb4c59c4b6da336c32f81c6eb1ad74fa	2026-10-05T18:06:58+08:00	Merge pull request #345 from narutojzm1-dot/work/grok-contributor/day-label-layout
55cb7cebcf8b61f8e524f38121c997b6bba8553c	2026-10-05T17:56:16+08:00	Merge pull request #346 from narutojzm1-dot/work/codex-lead/walk-area-calibration
d2425099947b7ca7d17e8ea0cbd928e477e3ebf1	2026-10-05T17:42:33+08:00	Merge pull request #336 from narutojzm1-dot/work/codex-lead/production-save
2611affe81f5a51476ede2b364f57ef03ea72542	2026-10-05T17:33:39+08:00	Merge pull request #344 from narutojzm1-dot/work/game-pm/20261005-1720
fd619368ab88cf8394a41c5903cc34314c393ee7	2026-10-05T17:31:05+08:00	Merge pull request #341 from narutojzm1-dot/work/codex-assistant/fish-audio-public-evidence
9fd261d876a8777403a8697b4b9b7f8d17d4d1a8	2026-10-05T17:17:17+08:00	Merge pull request #340 from narutojzm1-dot/work/codex-assistant/web-bundle-retention-renames
ba6d6c256c17939c2db4fd0f863b8ab61bc3d5dc	2026-10-05T17:00:33+08:00	Merge pull request #334 from narutojzm1-dot/work/codex-assistant/web-bundle-retention
3e2b01c2f7b677bd5c42b468beb7a897cdb4f37d	2026-10-05T16:59:31+08:00	Merge pull request #337 from narutojzm1-dot/work/game-producer/155-painted-path-anchors
4d9452b619c42ddb3379d639e51efb046acfa17e	2026-10-05T16:58:28+08:00	Merge pull request #335 from narutojzm1-dot/work/codex-lead/release-integration-evidence
8cf4941ce5e989d8470677a51f9ceadf8c521e05	2026-10-05T16:46:29+08:00	Merge pull request #332 from narutojzm1-dot/work/game-producer/153-local-image-recovery
a75ae229430ef4f0329953af70e213ca7d59d622	2026-10-05T16:39:58+08:00	Merge pull request #329 from narutojzm1-dot/work/codex-assistant/fish-carry-miss
fd5e822226f35db223b144c49fb4a9b5687fd35e	2026-10-05T16:39:32+08:00	Merge pull request #331 from narutojzm1-dot/work/game-pm/20261005-1620
ad8362ff868dae60985a6e614098bcfcc2234515	2026-10-05T16:35:25+08:00	Merge pull request #330 from narutojzm1-dot/work/codex-lead/production-save-host
c3d1687a10d78e25f9889fb301fee6fb9e747584	2026-10-05T16:34:10+08:00	Merge PR #314: exploration core + formal near-path catalog (CURSOR-CLOUD, #152)
e68e9a1910057425996513b55fb88f411b29a337	2026-10-05T16:25:10+08:00	Merge pull request #328 from narutojzm1-dot/work/codex-lead/save-candidate
5f74afb1eaf521f0f2df9401138b248b560b04a4	2026-10-05T16:16:49+08:00	Merge pull request #321 from narutojzm1-dot/work/grok-contributor/web-hidpi-ui
b00c0b15e5fde403fb9ce38566e150adeb03a71a	2026-10-05T16:13:24+08:00	Merge pull request #325 from narutojzm1-dot/work/game-qa/QA-20261005-1602-smoke
f517f912652420202461f8e137da8123d8fe1aa9	2026-10-05T15:54:16+08:00	Merge pull request #324 from narutojzm1-dot/work/game-pm/20261005-1520
c9c10a35382c9ed9da31b8b449ab9d376c77f009	2026-10-05T15:50:54+08:00	Merge pull request #323 from narutojzm1-dot/work/codex-assistant/photo-species-release
5a0a446577eba5916da51ad7f0e926f118045c01	2026-10-05T15:37:24+08:00	Merge pull request #320 from narutojzm1-dot/work/codex-assistant/photo-species-frame
157ff5f87a0f0abb59c745e4eef9e33d227ebc68	2026-10-05T15:24:40+08:00	Merge pull request #319 from narutojzm1-dot/work/codex-lead/goal-role-ownership
1d2bf6708ec6e7992bff9a9380e2996fe6e6b11f	2026-10-05T15:12:38+08:00	Merge pull request #318 from narutojzm1-dot/work/codex-lead/notice-public-evidence
0b89130031aa59614df0597ba8ed9ac43b9ff412	2026-10-05T15:08:17+08:00	Merge pull request #309 from narutojzm1-dot/work/game-qa/QA-20261005-1434-smoke
d08f838d24b58c1ede31c0511e2f0dcbe8b72273	2026-10-05T15:02:49+08:00	Merge pull request #311 from narutojzm1-dot/work/grok-contributor/notice-paper-backing
a509d2cd4ab67d73aa58a42e1758d9eb5c3099ec	2026-10-05T15:02:45+08:00	Merge pull request #315 from narutojzm1-dot/work/codex-lead/quiet-sky-release
5c421536b3f23b232034b7ba7e407a23ffa6b231	2026-10-05T14:59:55+08:00	Merge pull request #313 from narutojzm1-dot/work/codex-lead/goal-delivery
b5bf35d69005858cdf706edb8ec72b7184f8ac55	2026-10-05T14:51:25+08:00	Merge pull request #312 from narutojzm1-dot/work/codex-lead/cloud-exploration-autonomy
c93a9b4d8cd9cf35cbc2db505130c8011b06a462	2026-10-05T14:46:23+08:00	Merge pull request #310 from narutojzm1-dot/work/game-pm/owner-end-to-end
ea7f1a0c2390e2e1bd9e70883d217b48070035f6	2026-10-05T14:43:56+08:00	Merge pull request #308 from narutojzm1-dot/work/codex/quiet-sky-scale
5a4c66c24e77201d30317e912ae056dd4773d882	2026-10-05T14:40:14+08:00	Merge pull request #307 from narutojzm1-dot/work/codex/pet-horse-release
c12a3d4750c974a4a34f42c78a2ded89bffefe6b	2026-10-05T14:30:35+08:00	Merge pull request #306 from narutojzm1-dot/work/game-pm/20261005-1420
3ed47d7a3d5c608720f54ca3d5d282143d8d2e5d	2026-10-05T14:27:10+08:00	Merge pull request #302 from narutojzm1-dot/work/codex/pet-feedback-30
6a3ffd5a7fcde9e7c8b8f68a1eb62c02742c3eeb	2026-10-05T14:20:42+08:00	Merge pull request #304 from narutojzm1-dot/work/codex/horse180-size
ed5f1d7d6b025ebb7290bfd470f89aa7ac482a4b	2026-10-05T14:16:57+08:00	Merge pull request #276 from narutojzm1-dot/work/grok-contributor/231-fish-carry-suite
ba3bb72f9d78ddd2740403fb66a4a380c481e84e	2026-10-05T14:08:59+08:00	Merge pull request #301 from narutojzm1-dot/work/codex/blocked-work-fallback
8c75d26fc272ae6317feee34882b94c8d34392b8	2026-10-05T13:49:08+08:00	Merge pull request #299 from narutojzm1-dot/work/game-pm/manus-quota-audio
9c98faeea9049ebf4eea03766058c92c60fdf49c	2026-10-05T13:37:10+08:00	Merge PR #298: [#294][CURSOR-CLOUD] save budget bounds (reviewed 294a1f9)
0f0e8caf9d5057aba9897b758f32bdafdfb0960b	2026-10-05T13:28:32+08:00	Merge pull request #297 from narutojzm1-dot/work/game-pm/20261005-1320
f32a1f204a764d7c0baf4f12cd18a3e796f4e704	2026-10-05T13:17:21+08:00	Merge pull request #296 from narutojzm1-dot/work/codex/fishing-release-evidence
76499128714eb17b92f7be15d550bcdfc43d305a	2026-10-05T13:09:15+08:00	Merge pull request #291 from narutojzm1-dot/work/codex/fishing-active-hud
2d0c0eceb7d690c062fcb666016411beaa3e5b60	2026-10-05T13:06:51+08:00	Merge pull request #295 from narutojzm1-dot/work/codex/save-budget-acceptance
f39e4abb2cd441ca4e02b2c75e77ca7962a36628	2026-10-05T12:35:37+08:00	Merge pull request #293 from narutojzm1-dot/cursor/save-payload-budget-9e9c
c0a9cabff338bdbfb7d242d43c75f738ef080e7e	2026-10-05T12:23:12+08:00	Merge pull request #292 from narutojzm1-dot/work/game-pm/20261005-1220
ed62f0b880973d1d92f1210413d9d5ae21776f4f	2026-10-05T11:26:50+08:00	Merge pull request #290 from narutojzm1-dot/work/game-pm/20261005-1120
b1383d1645ead78e4226c683514a185ad5fb40d4	2026-10-05T11:17:12+08:00	Merge pull request #288 from narutojzm1-dot/work/codex/save-capacity-handoff
2d82dee37bea5e63b7db09288378a113cad47add	2026-10-05T11:13:47+08:00	Merge pull request #286 from narutojzm1-dot/work/codex/horse-attend-gate
f40053e1910bdd806f6fa4dcb8b994620130e09c	2026-10-05T10:56:40+08:00	Merge pull request #284 from narutojzm1-dot/work/game-pm/20261005-art-owner-split
4f8e72219be84a211d5c38239120016a92db794b	2026-10-05T10:49:11+08:00	Merge pull request #283 from narutojzm1-dot/work/game-pm/20261005-grok-quota
f36792ebd150a9a2599d900ed9dd34f6a2458fd5	2026-10-05T10:32:17+08:00	Merge pull request #282 from narutojzm1-dot/work/game-pm/20261005-1020
5d6da7025c31571b5dea0cb44e41249ccfaf34b0	2026-10-05T10:12:40+08:00	Merge pull request #280 from narutojzm1-dot/work/codex/yard-snapshot
210c2c3f3815394bb458ca079120f320ad0c77b3	2026-10-05T09:23:18+08:00	Merge pull request #279 from narutojzm1-dot/work/game-pm/20261005-0920
0eeca0a4fbda7c41573b709a2c07462836ebbcbb	2026-10-05T09:15:38+08:00	Merge pull request #277 from narutojzm1-dot/work/codex/fish-catch-wording
6e7435c382a9307925668f92afb849804dcd2a5d	2026-10-05T08:27:24+08:00	Merge pull request #275 from narutojzm1-dot/work/game-pm/20261005-0820
ab1007be903c0404ad2605414215bbff7e0a94c3	2026-10-05T08:08:25+08:00	Merge pull request #274 from narutojzm1-dot/work/codex/fish-regression-handoff
d480b9696a48f1b6d79c2ae6f27ba321ea10a947	2026-10-05T08:06:28+08:00	Merge pull request #273 from narutojzm1-dot/work/codex/save-codec
55030f3a99bee2e62f2b5445d08c7801da5ad7cf	2026-10-05T07:23:09+08:00	Merge pull request #272 from narutojzm1-dot/work/game-pm/20261005-0720
35d1a50be401ec7f2d6c4cf74bc04a860247af07	2026-10-05T07:16:09+08:00	Merge pull request #270 from narutojzm1-dot/work/codex-lead/boundary159-integration-evidence
be47d777c1c03ab35cd6da1922bf111845a045b1	2026-10-05T07:04:42+08:00	Merge pull request #159 from narutojzm1-dot/work/grok-contributor/REQ-20261003-024-still-boundary-feedback-v2
7209e4db4d5e29727e91d50fe2b677df1a9c2903	2026-10-05T07:03:14+08:00	Merge pull request #260 from narutojzm1-dot/work/codex-lead/recovery-process-restart
1bdfeea139ef753e16d075fdb74a0474eba2f626	2026-10-05T06:27:45+08:00	Merge pull request #269 from narutojzm1-dot/work/game-pm/20261005-0620
e7edf48c8848bd78670c6007fa51b07347d36729	2026-10-05T06:17:20+08:00	Merge pull request #268 from narutojzm1-dot/work/codex-lead/pause262-web-evidence
26862957aa6dbd6ff59d7c6b3e6bfb0b0f8e2770	2026-10-05T06:15:50+08:00	fix(ui): keep pause controls reachable on short viewports (#262)
254c0170f793fa7605f1e2ef5503f4796aa584d9	2026-10-05T05:29:30+08:00	Merge pull request #267 from narutojzm1-dot/work/game-pm/20261005-0520
3ec81d51e9dcdf43152052aebb8eb8182d65c552	2026-10-05T04:27:02+08:00	Merge pull request #265 from narutojzm1-dot/work/game-pm/20261005-0420
601d683896d811e2f17cb389e7d0d8104d16e36a	2026-10-05T04:04:32+08:00	Merge PR #248: isolated near-path composition proposal
1e8171ea08a30ef0a598f2fbb8f3e2e23330ff57	2026-10-05T03:36:14+08:00	Merge pull request #264 from narutojzm1-dot/cursor/exp-recovery-status-9e9c
3956afb89638dd06a2916baa1bf33ebe4951565b	2026-10-05T03:34:34+08:00	Merge pull request #261 from narutojzm1-dot/cursor/exp-recovery-errors-9e9c
1363498e717d36cc61a46921169aeaed8f4e88c0	2026-10-05T03:28:13+08:00	Merge pull request #263 from narutojzm1-dot/work/game-pm/20261005-0320
b3f77cc0392b902d4728eae7010e086fb28b9ba5	2026-10-05T03:04:43+08:00	Merge pull request #259 from narutojzm1-dot/work/codex-assistant/recovery-errors
73fe3d5cbf8637b88e05e214a5549a93741c96e0	2026-10-05T02:42:51+08:00	Merge pull request #257 from narutojzm1-dot/cursor/exp-recovery-p3-9e9c
cf59c1aa4cf4234dec45675c71abd8f52ec955b7	2026-10-05T02:40:43+08:00	Merge pull request #258 from narutojzm1-dot/work/game-pm/20261005-0220
2d2054f2ec4e1c9cce35a898fa72fc1c4ffde770	2026-10-05T02:27:41+08:00	Merge pull request #247 from narutojzm1-dot/cursor/exp-recovery-driver-9e9c
0a39196400ef09a936fd3e7eaae25b33a434b4bd	2026-10-05T02:04:23+08:00	Merge pull request #255 from narutojzm1-dot/work/codex-assistant/boundary-web-pixels
7ebba391886e5cf9722445cc471349d5d81ce558	2026-10-05T01:30:31+08:00	Merge pull request #254 from narutojzm1-dot/work/game-pm/20261005-0120
c62d3140c08e6e172bc73ad31bc1cd67707fbea0	2026-10-05T01:12:53+08:00	Merge pull request #253 from narutojzm1-dot/work/codex-assistant/req024-target-regression
b7a82744c449c1d25e2e0709a66aece336e216e7	2026-10-05T00:37:51+08:00	Merge pull request #252 from narutojzm1-dot/work/game-pm/20261005-0020
0828c8fff4b34221fce222e08a6dcc8273acf254	2026-10-05T00:07:55+08:00	Merge pull request #250 from narutojzm1-dot/work/codex-assistant/round-0004-audio
70c170dc06c1da66c5717309d6e54bc88b9bc4ca	2026-10-05T00:00:28+08:00	Merge pull request #232 from narutojzm1-dot/work/codex-assistant/decor-space-revision
