path	git_blob_sha
.github/PULL_REQUEST_TEMPLATE.md	d07862a280495c740967c6f3f73129d0c7806c4f
.github/workflows/publish-pages.yml	0e84bebc58f0c06b88ce4e5f66f5b1856fb2ffc3
.github/workflows/verify-pr.yml	c65532cd6ddb73a4760dfeb7afb472f6bb87379b
.gitignore	e68529eef25d61792d1df06689b3c588993ecc72
.manus-game-template.json	05ac4bbd1ca2b1ddbc2f431478cacb275e7c024d
.manus-starter-init.json	f25941aefdaae45b3cccdbf2b18fbd92b4d385d6
AGENTS.md	3dc16e15f91c77781a4dd9e4f6605d94c6dcdeec
CONTRIBUTING.md	8cd2aee0734001f78f4f5e8349805331b1390f22
README.md	a6cba97e9d8effecd74d48c087cbf51e17354333
art/concepts/ack_cow_v1/.gdignore	30e141f8c8b5c1616c71c9dcca6a44fac7030c3c
art/concepts/ack_cow_v1/README.md	73646ec1c83b6775969e3be60e1fea5f0841d1af
art/concepts/ack_cow_v1/manifest_candidate.json	38c14d0d16963a2fa544616006090895ed286e3b
art/concepts/ack_cow_v1/measures.json	e8d6b999bfc40bd4fb7938a4c0f8b7a494dfc6ef
art/concepts/ack_horse_v1/.gdignore	30e141f8c8b5c1616c71c9dcca6a44fac7030c3c
art/concepts/ack_horse_v1/README.md	d192cfbbdbb51ff44d07db5799c5ff03dd9ddf9d
art/concepts/ack_horse_v1/manifest_candidate.json	7ebf45365d2a297b45333abfdde1e2cb041361cf
art/concepts/ack_horse_v1/measures.json	471d2e0e45bdb397055c03e85ecd0a7a3eadc441
art/concepts/ack_sheep_v1/.gdignore	30e141f8c8b5c1616c71c9dcca6a44fac7030c3c
art/concepts/ack_sheep_v1/README.md	339e5207b57d11da6a110fce75fdb8edff77f4bd
art/concepts/ack_sheep_v1/manifest_candidate.json	b897203c509df69de19c3b130f829bf4c2657288
art/concepts/ack_sheep_v1/measures.json	7709579eb4951c72f77b97eeedc56a9e89c6a128
art/concepts/animal_cast_v1/README.md	fd62d898c6eb715dac3e217c02d513d54a548203
art/concepts/animal_cast_v1/animal_cast_approval_v1.png.import	2b08e85e4cad64ea2df1429f7daed624db0a96b5
art/concepts/animal_cast_v2/README.md	c1c04d9f7f05e102ad606b747531ce501c3b855a
art/concepts/animal_cast_v2/animal_cast_approval_v2.png.import	d62da53f199714f6f5806da041ee339a83b9ab11
art/concepts/animal_cast_v2/cow_cutout_initial_edge_touch.png.import	5d58be53b3900b5f897623a315eba512400996e1
art/concepts/animal_cast_v2/generation_prompt.txt	3be00e0d271172fcc25d0fe381f260292b0ee806
art/concepts/animal_cast_v2/goose_poses/.gdignore	c1b86c6eba97ee4b26d51a8ecc80a34feb72e5ed
art/concepts/animal_cast_v2/goose_poses/README.md	eb74952db5f055c5aa1155d971d8bdf89d2a37c0
art/concepts/animal_cast_v2/prompt_cow.txt	96ef64f037fce604263f9f906c9c656bc1ba25db
art/concepts/animal_cast_v2/prompt_cow_reframe.txt	8b57ab8f3ae78dd83b54eeb26a7bf2070ff53fed
art/concepts/animal_cast_v2/prompt_duck.txt	945288eb47e572fae0bdacbcdc70b2c3e3133aed
art/concepts/animal_cast_v2/prompt_goose.txt	ae777138bfc6602ea595e3e6c726d976aa4180e5
art/concepts/animal_cast_v2/prompt_horse.txt	4d6140439f108c41d7d06ad38d768eb74b13ba17
art/concepts/animal_cast_v2/prompt_llama.txt	a8fcb99dce32e1ba361f9bc43670898abd5badf9
art/concepts/animal_cast_v2/prompt_llama_annoyed.txt	ff933e2583e89db4baa01c1cdd985bb94ab3eba4
art/concepts/animal_cast_v2/prompt_llama_happy.txt	afe39b951d5f020c7eab80c501f6e2a559f7186d
art/concepts/animal_cast_v2/prompt_llama_idle.txt	a00394f6eccea71bb5f40cc0f15a8563418c7bbd
art/concepts/animal_cast_v2/prompt_sheep_clingy.txt	ac5c409bd0a0d1c69c7e393b7e48bacb386163c6
art/concepts/animal_cast_v2/prompt_sheep_dull.txt	42653e898f38107943fe6a12039f8d3ec662bb04
art/concepts/audio_b_stems_v1/.gdignore	03856146ed9b5f30a560c53606e46ecc69c9f45a
art/concepts/audio_b_stems_v1/README.md	5870d36f3e77aa6095aa01cb0742dc23f0653e60
art/concepts/audio_b_stems_v1/SOURCES.md	fa58065fb5b702840ef66e48e4aa28ca559da131
art/concepts/audio_b_stems_v1/levels.json	7b4c47ffbe45ab12e8d53d5574a09bfb3817fe95
art/concepts/audio_tone_v1/.gdignore	bb9a1341c290d5b212762b977c1d15ed83142ae0
art/concepts/audio_tone_v1/README.md	b4301f471adc502ca0e0145cd58658e1c9372f06
art/concepts/audio_tone_v1/SOURCES.md	54df9d1c5b1c4a0e4bb8acc32c9cb407f22b64c7
art/concepts/audio_tone_v1/levels.json	9c97702e9a9aec98a685fc5d1ac96ed7da22a59f
art/concepts/exploration_near_path_v1/.gdignore	8eb4deb801937130a4630bdd7369a7e3a3d8edd4
art/concepts/exploration_near_path_v1/PROPOSAL.md	14542424fe943700de1214f8f78dcf22cd9fd406
art/concepts/interaction_feedback/.gdignore	f8df07f0f06fdafaa7fedfaf720b6e6c60f8e050
art/concepts/interaction_feedback/README.md	706ea8861e22a092b4f3f7fcb12cc6e2e3b9294d
art/concepts/interaction_feedback/prepare_assets.py	71a2e12c2ddddfd0701c53237f87c7ba06efce6b
art/concepts/interaction_poses_v1/README.md	0b0442379881ddef5113a5f93481f3a386d8ca35
art/concepts/interaction_poses_v1/cow_chew.png.import	84e67060cfd9f3a84527dc40ef52a2a25bb3f44c
art/concepts/interaction_poses_v1/duck_preen.png.import	bd752e57d0d1da65e94f88d8eab8835fe4c0f96e
art/concepts/interaction_poses_v1/horse_tail.png.import	a70ae92e0e033206f13f11633bb2cb1c445ca924
art/concepts/interaction_poses_v1/measures.json	c181db5a0fec1adfc9732d576eadaff5eaeec873
art/concepts/interaction_poses_v1/path_clover.png.import	c9d5fdc0135de9b9663459e88785a8a7477ff01f
art/concepts/interaction_poses_v1/path_snail.png.import	107fa9c43865341147a4f86221f745aa16b61c91
art/concepts/interaction_poses_v1/sheep_shake.png.import	06fcfa5b35d046d306f93ab917eb5af9db7875f5
art/concepts/producer_near_path_clean_v1/.gdignore	8b137891791fe96927ad78e64b0aad7bded08bdc
art/concepts/producer_near_path_clean_v1/README.md	7d13b8e5cc52f985b11aa217ac9972dc0e2fc4c5
art/concepts/producer_near_path_clean_v1/clean.py	b53907718ec8cdc94b1fd5bd6de2bc379ca4661a
art/concepts/producer_near_path_clean_v1/measurements.json	eead6c1dc428c17214f554f7a2da256796115a7a
art/concepts/producer_overcast_sky_boundary/.gdignore	8b137891791fe96927ad78e64b0aad7bded08bdc
art/concepts/producer_overcast_sky_boundary/README.md	4cf3dd3419914dc119db474e1bbdd78852ad4b48
art/concepts/producer_overcast_sky_boundary/measurements.json	56b42878a67324d2e6142cfebef2aaa98fa1a960
art/concepts/producer_overcast_sky_boundary/trace.py	67fa89f2a861ed304e539f1d25f26dced1df8b77
art/concepts/producer_stone_clean_v1/.gdignore	8b137891791fe96927ad78e64b0aad7bded08bdc
art/concepts/producer_stone_clean_v1/README.md	0be0c22851ca14b3d97b1261a9fccd0aa32ade17
art/concepts/producer_stone_clean_v1/clean.py	f82ce52b55ac09556cbada42b2aff2f260ba1ef2
art/concepts/producer_stone_clean_v1/measurements.json	0e9d1642b42567eb61b7f6958971bd318107f988
art/concepts/producer_stone_clean_v1/yard-study.json	d6fe62fa01d5248596e05e86378005aee8ac9580
art/concepts/producer_stone_clean_v1/yard24-study.json	da2a60db3e02282afa78cd3356139a091e82a717
art/concepts/producer_stone_clean_v1/yard_study.py	98ea004102fd509ad9190378ae8e64194c85ff9f
art/concepts/producer_stone_clean_v1/yard_study_24.py	45d24c82a17d81e3f59a604e559297dbd1e5528d
art/concepts/producer_world_20261005/.gdignore	e69de29bb2d1d6434b8b29ae775ad8c2e48c5391
art/concepts/producer_world_20261005/NEAR_PATH_HANDOFF.md	ed24815d7483157cfd4360007803199a37e60bdd
art/concepts/producer_world_20261005/README.md	80f8285b719254d0ced3ae3b45756360dcad9dc1
art/concepts/producer_world_20261005/manifest.json	cf74ea97e572c8fe2ba476b734fca22f02956988
art/concepts/producer_world_20261005/near_path_anchors.candidate.json	f72b38d3a471dae421ee5d8949b1ab6c7f0c8ed3
art/concepts/scene_hotspots/fence_gate/.gdignore	f8df07f0f06fdafaa7fedfaf720b6e6c60f8e050
art/concepts/scene_hotspots/fence_gate/README.md	3ce62144da9c03d29538d936fd4f97c8b1445c89
art/concepts/scene_hotspots/fence_gate/prepare_assets.py	db04197b8ce694584e415b43770880af87ee03f0
art/concepts/scene_hotspots/shore_stones/.gdignore	0cba10142c79297e29fb025ac0f0fee1f9b46c99
art/concepts/scene_hotspots/shore_stones/README.md	c9144b70ee053447d13fb30a85ad7b6422f1dc88
art/concepts/scene_hotspots/shore_stones/prepare_assets.py	bac3c81c22f6c869e03acb765d45935e6373cc81
art/concepts/scene_hotspots/windowbox/.gdignore	6deb98f10179426e1575249f45c4ffdd63cfea8c
art/concepts/scene_hotspots/windowbox/README.md	bc3369a0e39a3527621c9243e77db8a67baeed05
art/concepts/scene_hotspots/windowbox/prepare_assets.py	7b54feeff2d8a7eaffbe4bb3097b62676869cf69
art/concepts/yard_overcast_aligned_v1/.gdignore	a744297004df2d011a1d2d2cf53c4ce457fa757c
art/concepts/yard_overcast_aligned_v1/README.md	4b4bde4bb74cf86f05773918fee15a572409b7a8
art/concepts/yard_overcast_aligned_v1/measures.json	8338067a7a0c253cd5916c207b39afc29822119d
asset-provenance.json	41e2f1ea42ea9722e5f566898bb430c5ae21c9a8
assets.lock.json	b80c907ed9dbd246dbbb194810159bc1ea74d05c
assets/holiday/audio/README.md	01e8f7b372192cecf21dd754f1004801ac663f69
assets/holiday/audio/bed_yard_env.ogg.import	12bed2bca6943c9a75806f27bdd141c5fcc37100
assets/holiday/audio/bed_yard_music.ogg.import	f02af93a11a683986373739c1e1af5222ab2e316
assets/holiday/characters/approved_resident_upper_v1.png.import	bf2617f0018d276f77fcabff6441f3c7e0316925
assets/holiday/characters/approved_traveler_pants_v1.png.import	24dec148af1016f998672f4a186c048519d3c033
assets/holiday/characters/approved_traveler_upper_v1.png.import	88bdb9aa783dea9d6441c7b9e2609b03f3a3d9eb
assets/holiday/characters/cast_v2/README.md	3c23cb59f2e8d32bf762e323ec1879d5c18a1ec4
assets/holiday/characters/cast_v2/cow.png.import	117c5ac9519a583e3bf33a2ba726a70dfea6a9f0
assets/holiday/characters/cast_v2/cow_chew.png.import	bfc3c7375966b333ebe0febea0af7b74243de8ed
assets/holiday/characters/cast_v2/cow_glance.png.import	72a2ac4d354dbeccca9959033c119112c1ba3037
assets/holiday/characters/cast_v2/duck.png.import	cd4884a38c5b92b75a80dc9d0acaba139c6d62a0
assets/holiday/characters/cast_v2/duck_attend.png.import	0193bb94c1c62051c9eb71c242a6c682a48bff54
assets/holiday/characters/cast_v2/duck_preen.png.import	f6fdbaa68fd595d36d59c31fbfbb4441cbc17739
assets/holiday/characters/cast_v2/goose.png.import	9a2fafe35a846fc3d33d90e4dd6b65a7691939b8
assets/holiday/characters/cast_v2/goose_calm.png.import	b6b7895f112b7bdc60f41153f5243d6cbd5a1a4f
assets/holiday/characters/cast_v2/goose_rest.png.import	645cbe32ae04bcb857ce77075844d8b2af82c464
assets/holiday/characters/cast_v2/goose_riding_down.png.import	19e9a535e70f79a3c0af8fa49b82c4b81aebc5a5
assets/holiday/characters/cast_v2/goose_riding_up.png.import	7a912ad7014a04adf9d77cfa0ea5ff18bd2d7d12
assets/holiday/characters/cast_v2/horse.png.import	52174aa90a08071cfea6b26640b532f35cdfc1b0
assets/holiday/characters/cast_v2/horse_tail.png.import	b625062428c91cde67fa35c9219cb00841ddab42
assets/holiday/characters/cast_v2/llama_annoyed.png.import	e8435bd936a8ab396659f67bc3c25fedd104134b
assets/holiday/characters/cast_v2/llama_happy.png.import	c15341ba827d08535f68900bc159517b524874f1
assets/holiday/characters/cast_v2/llama_idle.png.import	e7b5fc56617101750c10580b3819e07cdb7ac969
assets/holiday/characters/cast_v2/llama_smirk.png.import	802cc0eff1980734a0989ae1274bdcfc03097e59
assets/holiday/characters/cast_v2/manifest.json	4b984179f27e0ffdb6e510125cbbf8f630c73f63
assets/holiday/characters/cast_v2/sheep_clingy.png.import	c87b26293a4f63e183cfbfec59fce9cb9dbe74d3
assets/holiday/characters/cast_v2/sheep_clingy_attend_v2.png.import	edbbde4e2c9dd6aeaa3c8b39368544faa3170815
assets/holiday/characters/cast_v2/sheep_dull.png.import	4679f3eefd75c1498a6098b9851915abd246c0a3
assets/holiday/characters/cast_v2/sheep_dull_glance_v3.png.import	971d3a0863eb9cdffd696eec55f11ab0fa0506a0
assets/holiday/characters/cast_v2/sheep_shake.png.import	587775574f9f566df8970c1f3566145404f9090a
assets/holiday/characters/cow.png.import	4c50c51fab99ff49cc9219651c5a33c1352b34cd
assets/holiday/characters/duck.png.import	b83e20f038b6a1f246f4688eb12e220e179a7283
assets/holiday/characters/goose.png.import	61814bc64c76a7a66f64ec113253b1e1ec0bd974
assets/holiday/characters/llama.png.import	1c4e5cebb2ac2ac8ba5947db3c0f684e76dd03b2
assets/holiday/characters/llama_annoyed.png.import	c4092212af1f66870fac3f302adf78e870591b9c
assets/holiday/characters/llama_happy.png.import	a4e76f7357d33a1d59737f031f1bfc4b4967bda2
assets/holiday/characters/llama_legs_atlas_v1.png.import	a36900ec6f640d97549719ae8354f58006a809d5
assets/holiday/characters/llama_smirk.png.import	a4de074f557d55699bbccb380d5d0237d756d872
assets/holiday/characters/player.png.import	62147027e0f0c8adc854cf7bea8912d8e801e76b
assets/holiday/characters/player_rig_atlas_v1.png.import	7de9189a5a68f6748562a1e510e19032c8a5751e
assets/holiday/characters/resident_grass_actions_v1/actions.png.import	396caa74923c8dad92387633222658b922e24613
assets/holiday/characters/resident_grass_actions_v1/manifest.json	fd312a792bf5c4d190a83c75d18a2b8f89441fbf
assets/holiday/characters/resident_walk_authored_v1/00.png.import	47c498fdf289911205df313daf36c978422b62c9
assets/holiday/characters/resident_walk_authored_v1/01.png.import	5c845947521f641116f4c738a6971a2486175e8e
assets/holiday/characters/resident_walk_authored_v1/02.png.import	bc8b382037546f8b3e95369b4c3e9f6d63ab377f
assets/holiday/characters/resident_walk_authored_v1/03.png.import	a0a2ede578551ba6273dd0ab0d393a911a371ca4
assets/holiday/characters/resident_walk_authored_v1/04.png.import	54286016f205f1d7f08d9082f2df29a47c1a8f05
assets/holiday/characters/resident_walk_authored_v1/05.png.import	742edb40ca21f7b0bd71770b47087af17152992a
assets/holiday/characters/resident_walk_authored_v1/06.png.import	96bee338d262871eeb9e295cc140c52a190b95c2
assets/holiday/characters/resident_walk_authored_v1/07.png.import	1fa01da1b6bd2068fb402fe037c7c642052eb005
assets/holiday/characters/resident_walk_authored_v1/08.png.import	0994db89afc3b6494266a157f4a891912ce0e8fb
assets/holiday/characters/resident_walk_authored_v1/09.png.import	48c66d9901a788ea3affa18e667aebd00548f2ed
assets/holiday/characters/resident_walk_authored_v1/10.png.import	939bf54de1e61885b3d3cccda577b8ba2d79f7d4
assets/holiday/characters/resident_walk_authored_v1/11.png.import	4d7c8af4dbcbc14995bd581e0bf72435e444db9d
assets/holiday/characters/resident_walk_authored_v1/12.png.import	390278aa5b49bac44ee7f633b764118e5a0bde18
assets/holiday/characters/resident_walk_authored_v1/13.png.import	da0ee50dbfffa9425be0eaec1d4abe77d4ad62e4
assets/holiday/characters/resident_walk_authored_v1/14.png.import	760ccb34c556477f514c53a9da00be4a7a70dbfd
assets/holiday/characters/resident_walk_authored_v1/15.png.import	930605b7a93ef68f2623c00c885af56cb31571b5
assets/holiday/characters/resident_walk_authored_v1/idle.png.import	9bceeef32beaaa835f0ab79ef3f29d1efa472c79
assets/holiday/characters/resident_walk_authored_v1/manifest.json	21489fa2f074aaec7c29daa30266f471a08d9b8c
assets/holiday/characters/sheep_clingy.png.import	5f1f8ac34b74673e1b2b6ca7f1b93b074eb5538d
assets/holiday/characters/sheep_dull.png.import	590dd3d4ec57f9def8486cb400c7385174fb76b4
assets/holiday/environment/cloud_band_morning.png.import	ca3cc9a8f6063cd82b8e6844b2a72ae94fd42eec
assets/holiday/environment/cloud_band_overcast.png.import	3fb31ab7e05461377e1ce6e87ec4d28a82826560
assets/holiday/environment/cloud_band_sunny.png.import	1dd82e315ccd8c09d2467f4bea736e13251dce6c
assets/holiday/environment/cloud_band_sunset.png.import	118d7e46ad868e0c39a1d97074865ff84fed9359
assets/holiday/environment/yard_overcast.png.import	25a0d58e70c1c5b310916e6841ff8a137620686a
assets/holiday/environment/yard_sunny.png.import	9ed4021ac9b3cbbcda9bfc51044fce2a631bfa06
assets/holiday/exploration/README.md	4ff9d20ef218cde461aa66c94a0881977c287071
assets/holiday/exploration/near_path_02.webp.import	aa39812ca7747123bdd8f3ad63d485ee1972c29f
assets/holiday/fx/felt_spit.png.import	cca59bf41c6fa3c4cd931f35278d228fc96ba39c
assets/holiday/fx/fence_grass_bent.png.import	8a48c033e57b3e6a75505d666f8b883f04a261b9
assets/holiday/fx/fence_grass_still.png.import	93bdc494bc45b2dce562d6936366f3729beadfb4
assets/holiday/fx/grass_bundle.png.import	399d27b5a90efbe2770b279bb09793e0444d803e
assets/holiday/fx/grass_states_v2.png.import	4bc038e4ed28345d09818ceb540cf93caf25f94a
assets/holiday/fx/path_clover.png.import	cbb9068099cdeaf6c284878321c50e56c2cf83bf
assets/holiday/fx/path_snail.png.import	ce39449cd12583c0d02ac2f02955f59f43d98923
assets/holiday/fx/pet_heart_watercolor.png.import	9ef490c44a53ff4b9ddf7668b69c0fa32c3e93ea
assets/holiday/fx/shed_feather.png.import	970fa448ac27634439713623217e533c4f95919c
assets/holiday/fx/shore_dragonfly_flight.png.import	828ebc14ab3c7cea33c174ef3d4f60ab053f8908
assets/holiday/fx/shore_dragonfly_rest.png.import	77592aad32a109f442eec79100800b0fe82e2921
assets/holiday/fx/shore_ripple_start.png.import	2f408175d48535d11f5ea4025ac0077212f2631b
assets/holiday/fx/shore_ripple_wide.png.import	770096eed03e621c465c85a74b2e531985e455a4
assets/holiday/fx/water_splash_watercolor.png.import	da407f222d5f18440119e95a727725e2ba6e6832
assets/holiday/fx/windowbox_butterfly_open.png.import	31109bff43017f50d31b8fdda17ec34cbd812498
assets/holiday/fx/windowbox_butterfly_rest.png.import	5beef9997b4f1b090f018875aef8b86021f8ed55
assets/holiday/fx/windowbox_petals.png.import	532157cd5a6a4d895c0326cd8b203d1366b9395d
assets/holiday/sharing/favicon.png.import	33c602212a9a9741e2616603fd1392dd52da1ba5
assets/holiday/sharing/favicon_fallback.png.import	7b8ebe9fc9cd6fb9d227d29ca1943e526d60740c
assets/holiday/sharing/og.png.import	750354682509fa9c6e99e812636e63ef7dce8b2b
assets/holiday/ui/polaroid_frame.png.import	f3227a5e260fffb950c5225fe992c53a7897d016
assets/holiday/ui/scrapbook_paper.png.import	fb9f89128b87b8ecb8ea9fa343636c48e93c1238
assets/share/favicon.png.import	b95755b7ea7b028289b35d819e671092ba58ac2d
assets/share/og.png.import	a9a0b8cf6f7c8e8fbd75967b98d9a7d424ee6f0e
assets/template/characters/runner.png.import	4e94c3d559a1d31037bd287608ab667acb50946c
assets/template/characters/sentinel.png.import	9a08ff25a9f1e23c69e0f29072af114af3f3be78
assets/template/environment/backdrop.png.import	9f2efe5e36aed09dcb69b6b56e82f66663560ce4
assets/template/environment/foreground.png.import	3a302f8ab79e7709bafbc263bdbf91fde6312d34
assets/template/fonts/Figtree-OFL.txt	80b12bb3d0c0942676657ef6d125daf4a1e1346d
assets/template/fonts/Figtree-VF.subset.woff2.import	fcdf1ce38d13e1586e88154b40418e5a1dfbfdd1
assets/template/fonts/NotoSansCJKsc-Generic2D.corpus.txt	7014d88b1eaa7f4f89993bac7537b469ad8837f3
assets/template/fonts/NotoSansSC-OFL.txt	1c9f43281b8f216c5461fe9ac729afbade7724e4
assets/template/fonts/NotoSansSC-VF.subset.woff2.import	163df35923e9a2f3b056ccc733ce8eb7d2f3925d
assets/template/fonts/SOURCES.md	c02b0df39526bc17f46dbb5a0d76086239221441
assets/template/fonts/display/Sora-OFL.txt	f1d9d6af7ba46af6c2da765fa123d93239c913f5
assets/template/fonts/display/Sora-VF.subset.woff2.import	088007e44bf3bf2f418e10f7a49c5205b0f9eeb1
assets/template/fonts/display/generic_eyebrow.tres	3f69fc3c0d3d8443a77eebafbadddba876b578eb
assets/template/fonts/display/generic_heading.tres	132471a747225dc8167b54c4f1bfbde1b39cb3d4
assets/template/fonts/display/generic_menu.tres	06e12922faed8af62f9e176035574bb1239b6735
assets/template/fonts/display/generic_title.tres	d0d5a003756a7bc65ea3427b0ecdaa3fe8f6f853
assets/template/fonts/noto_sans_sc_bold.tres	db38c06205f00ba3243a9b81e862126737f8488f
assets/template/fonts/noto_sans_sc_medium.tres	b65d0536025f84a1d7fe41d3f80b4addb362bad0
assets/template/fonts/noto_sans_sc_regular.tres	676729b9ea8a1e86d29e1132bc997560adf1c1c6
assets/template/fonts/runtime-cjk.json	2abefff57b45b0b85445c2f3c4887c036a5fd2e6
assets/template/fonts/ui_bold.tres	90ab312d6939988a69481d206c7f70e3464cf838
assets/template/fonts/ui_medium.tres	a8fc18f64f3c8f9b55889d7aa30907ea29019d87
assets/template/fonts/ui_regular.tres	d4032bf6f6e61e242110b31caf8e758e4f9b71bf
assets/template/powerups/energy.png.import	cae88b73206cff5315b8e7a74493bfbf5ed97a13
assets/template/powerups/magnet.png.import	c4ebef638a89658d6a4f357661c8e5b5e6b33699
assets/template/powerups/overdrive.png.import	22aba1b7606c235565a98e533181b8455a8e6c14
assets/template/powerups/shield.png.import	35fbc1a94451624732133a4b11279ce3b187165b
assets/template/powerups/slow_field.png.import	77c586c082f8688361603c095e0b3db15758b68c
assets/template/provenance/AUDIO.md	d3426b27dde36e92b6667fefb49eb34eed1f39d1
assets/template/provenance/IMAGEGEN.md	6291eaf4d894d5eca8bb130f70c490fef3381d2d
assets/template/ui/loading-background.png.import	086bdac079394a25e613819ea0b98b25eb5c86aa
assets/template/ui/pause_glass.png.import	e88931788d118e015768f93a3cedf1f5af34c662
assets/template/ui/title_glass.png.import	674fd8f2d827f90b76f74f7b881e31dbf12a36ad
autoload/audio_director.gd	14510933b76e15f61c87b3a4cf5df90e6941e8db
autoload/audio_director.gd.uid	daccd7d2a5cc119de47801236a27dc762ebde740
autoload/i18n.gd	cbfb2de55968934553cc2f0397ed2fb719966866
autoload/i18n.gd.uid	1a984257c54215a45189d20c6bae22fdd6525953
autoload/manus_font_theme.gd	8bfdcd66babd1257b0aa97f689ec0ff81fc15fb2
autoload/manus_font_theme.gd.uid	d8e37c4f067d7e4b5a0c9900e33cb2a6d5f8d3e5
autoload/save_store.gd	d9c4281431bc08516bcf8b45f7a5d09231fabb5e
autoload/save_store.gd.uid	39f469779e8ce0f89f72b7cfd62922d4fd459437
autoload/tuning_store.gd	fd84c7cf584345aed04ee8f98148962cc9640cdb
autoload/tuning_store.gd.uid	4c8a1ce57d226726c7e179ceca63aa66b18e0aa3
autoload/web_hidpi_boot.gd	163b621e7bdc8fb997ff00cf0aeaa67644866516
autoload/web_hidpi_boot.gd.uid	f5454fc654df1d88e1805df73b69bbb59ce7df5f
build/.gdignore	8b137891791fe96927ad78e64b0aad7bded08bdc
config/tuning.json	2575621b68bb3a1f42a80a223338fd8c9e8a04a9
export_presets.cfg	0de4f0bd02ff99376e106ed0d306215c4ad1e40f
game-sharing.json	4a9e1eee798a58608f594010bb42cb9112330895
game-verification.json	2ce004c3f39d1501e2fd23f1a18bcb4c3bb8d820
localization/en.json	713f16c95bbd8d1f74e147443bc15527c3fbd04f
localization/zh-CN.json	dfbc8843126012f248de6c749fb74265aa4e474c
package.json	93f7af4a35103b9b437e66b481176940ee68a5d6
project.godot	863d890c353f781a758b698e5386315a6323df9a
scenes/experimental/resident_walk_authored_v1.tres	64a295302b2e3163a6d9f46824405fa52fcce2b9
scenes/experimental/resident_walk_authored_v1.tscn	036cb15db018f7fe0d029397f8b2614e75eb45d6
scenes/main.tscn	b38d830360e230443976bda00eada736b88769c2
scenes/native_walker.tscn	a435f49405ef3cf9793c664088581ff5e5506482
scripts/effects/effects_director.gd	979fac9b6d3fb060cad40c069e35486782023932
scripts/effects/effects_director.gd.uid	1c87e4ce5f41eb1fa2ff166126357d4c0e7070ef
scripts/entities/felt_actor.gd	273100d74393f28a9fad6199d28a1b7ce97ce075
scripts/entities/felt_actor.gd.uid	c4924b6b50bc33fcb80b8c711a11ff05cb05d1e2
scripts/entities/grass_art.gd	0357753164051fd65892b17dc7001f2e33508a6a
scripts/entities/grass_art.gd.uid	93754b575cfe01fb41c99969368a7ed1ff598dd0
scripts/entities/grass_patch.gd	fba2937a5f92f1119ab747943a13d944353665d0
scripts/entities/grass_patch.gd.uid	cc8b35b2970e7ddb7784aa1a4a24f1942b7cfd30
scripts/entities/grounded_gait.gd	8b8a79e23a3cd856bdc2a4c7f599142b810c304e
scripts/entities/grounded_gait.gd.uid	e1af9c8f133ab0c4a75456a7e54c9684ee9ff0d1
scripts/entities/layered_hero.gd	ff4b19da72ce2376911978220793e74737cdd5c0
scripts/entities/layered_hero.gd.uid	33a004e2beab7ce49f709690a3c17ad6afa8e591
scripts/entities/layered_llama.gd	219c9757bb40065d0878b657aff6379da89bf1cb
scripts/entities/layered_llama.gd.uid	cab2bf25b414b4bc9cbfe887ed7e4c237b1fd865
scripts/entities/native_walker.gd	e47d60ed68ec1586d2515a898c1fea0e3920ec25
scripts/entities/native_walker.gd.uid	8ef942da12846050cd81fb149faea888a750e050
scripts/entities/painted_walker.gd	700b27a5aef1979b887536ba1da6a34cfb7f08ae
scripts/entities/painted_walker.gd.uid	d95b9efdcb2bd76d45ecd8e62791e8e76e2a0f03
scripts/entities/planted_gait.gd	9e82d51722925253fabd9b867fa8348046fcb91c
scripts/entities/planted_gait.gd.uid	1bc0672f1ccdcbf7e79283504d4721fd521fc628
scripts/entities/resident_walker.gd	6840ded9a34654afac65416bcfccb266d28ef6ea
scripts/entities/resident_walker.gd.uid	a05ef2cf639e9b086fc33925d510a3d92730b20d
scripts/entities/runner.gd	c4afe75f6922203b9e2133e6e8232ba7f56f7815
scripts/entities/runner.gd.uid	44a5bf6df760cfb52a855fb9ba5e419d86a4c207
scripts/entities/sentinel.gd	1b0d405275759e35a706b9385cd5b562c84d877e
scripts/entities/sentinel.gd.uid	fc3251bb57720255b19c4c20385a3c183f653ca8
scripts/entities/sequence_resident.gd	9ee732291d9bc9e1c76f96db6c63439a371736f9
scripts/entities/sequence_resident.gd.uid	6d1f7850542163c04bc3da72624e73238f7586b9
scripts/entities/vacationer.gd	3af098545d78a8ca94080853a1faf643d53f6a18
scripts/entities/vacationer.gd.uid	894c96146a71140ffb5cf2873364826a38217355
scripts/exploration/exploration_catalog.gd	7be9cb63e74549b1dd746050ff286fa2a73cc9ed
scripts/exploration/exploration_catalog.gd.uid	91385bb80b1ce70975ac81953c4189812ad4bcee
scripts/exploration/exploration_contract.gd	4ba56db0feb2b513dd0a97b13796c4833055e99b
scripts/exploration/exploration_contract.gd.uid	6c442e95d099a62c0fb3e85e9e69200b3645b7b8
scripts/exploration/exploration_director.gd	f02bddd08cf2872e8815d3cf1d18f9720a02de22
scripts/exploration/exploration_director.gd.uid	8e60b437b806a6ad06179e8eaf53267a728b7328
scripts/exploration/exploration_host.gd	d6e3531f8cd98ba1eb8df4050414fa1fb1e90091
scripts/exploration/exploration_host.gd.uid	3c280a61f88d4b72ca780c37ed10f02ece8e6d68
scripts/exploration/exploration_routes.gd	e1edd7f1a6a5c28510ef5c7dc5f07b0d6192d6cd
scripts/exploration/exploration_routes.gd.uid	66d62cc3e029cb452b052093c143c037e011cccc
scripts/exploration/exploration_session.gd	90d4da916d4290b466378da53c653f7e57385466
scripts/exploration/exploration_session.gd.uid	829eea5bf57b6761b66fc7ffbcaaa742c8371aba
scripts/exploration/find_reveal.gd	14ce4945a80ebdf4aa5c7918350b81fcfcd2c088
scripts/exploration/find_reveal.gd.uid	6136ae4ec6eae86d36ed72b12a74bb6759cfc1e2
scripts/exploration/keepsake_art.gd	6f0fa1de66aad018f02f8d149e3ff672af98c2bc
scripts/exploration/keepsake_art.gd.uid	72e096c6e34b28916b00951ae246182ba10efef8
scripts/exploration/near_path_layout.gd	e7f7d288680f6acb9b70e880c30e07df9950d1d1
scripts/exploration/near_path_layout.gd.uid	2ced4e7d6d26955039722de80e6fba35016cdb2e
scripts/exploration/near_path_scroll.gd	c5375ca93d96abc12f229c83bc74e7af2374f368
scripts/exploration/near_path_scroll.gd.uid	f0165155e4b311c7d124c0867b62d9b0da71c0e5
scripts/game/animal_relationship_encounter.gd	c24e8a9e443b846257006567759d6d01783bf8ae
scripts/game/animal_relationship_encounter.gd.uid	feab1703a4a163c29c49c83ffa757c6a7744d131
scripts/game/animal_relationships.gd	e333f354e5197eb2c142015b9110caa85386efd4
scripts/game/animal_relationships.gd.uid	638d81f9d36ea917d7e644d4b52d3b63c58ef583
scripts/game/boundary_feedback.gd	dc61fa16f0c5bcd127f1ccc8e7f70bb30d3a6f55
scripts/game/cast_art.gd	2578e7023fc02ec911bf1e83317d9d3b6090f349
scripts/game/cast_art.gd.uid	863c73e995b19e5c0ec2d3ce97ef248059d1deed
scripts/game/expression_catalog.gd	b005319b2f4cbbc0841c07f17c6ac50d89e49f3f
scripts/game/expression_catalog.gd.uid	d8ce1e8ce4240e8ed0ea8a8442c84ea0f2756c77
scripts/game/maze_world.gd	5963b8af714649175efc9c4c3d57a0124857bb41
scripts/game/maze_world.gd.uid	30d2edb43391ff4a6a6a46938d4f544043016de2
scripts/game/stage_catalog.gd	e5e2f4d96d8f63825cf35146aedc2c698096d2b7
scripts/game/stage_catalog.gd.uid	3947c71def4a25f0acde9517fdaa9c33c2ebf2ba
scripts/game/world_effects_overlay.gd	395fecec828ab6b65231282ea987317f2061c0a4
scripts/game/world_effects_overlay.gd.uid	cbfbc6ba36da6ec501cf5ffb1f99ec9ec1ac29ec
scripts/game/yard_bodies.gd	5076ee105432b4633399b48d8cdbc7697b88498a
scripts/game/yard_bodies.gd.uid	4ba0fe066c8713444dee4bdbb5407b50d1c18391
scripts/game/yard_ground.gd	307b09426e88ea75435c50487a20e0969ca57401
scripts/game/yard_ground.gd.uid	b97ac3bfa7e4bfdd77e1ae4c63fa5c3c4fe50f12
scripts/game/yard_interaction.gd	3dd47542a5d9b3942c4644e69c43394b05730d44
scripts/game/yard_interaction.gd.uid	ea6ba23be2be28a66948c6d904f497f1b9b31fca
scripts/game/yard_prop_visual.gd	7a8209dfaa67ad65cc1b2e4997c0236cba4abe51
scripts/game/yard_prop_visual.gd.uid	39ed4c6ceb8eec180673a1d50abc19a4d2f05f6d
scripts/game/yard_scene_feedback.gd	9a03f280049cad8b1b18956f5c5a74fae0c5719d
scripts/game/yard_scene_feedback.gd.uid	173cedabd3a4b0f36295715fa7612a9de1edd3f9
scripts/game/yard_scene_hotspots.gd	56394ec6412e444b00328c7cc40cf6647bce70b0
scripts/game/yard_scene_hotspots.gd.uid	20ba78edfd407e33a5512bb0a8f1d70e6ccc6950
scripts/game/yard_world.gd	f42cd32cff8b58788b409d91f12a172a8ba580fb
scripts/game/yard_world.gd.uid	f46b8167013c07694d94d2168381efaab6bdd3d6
scripts/main.gd	73b1201b454127facd343b066da935a21346c22c
scripts/main.gd.uid	61efe980059fde8c40bbb653bfd26d98ee4ee59b
scripts/manus/browser_bgm_backend.gd	9cc911886362c34b0bebbe2a8668cc6752103231
scripts/manus/browser_bgm_backend.gd.uid	cdf488deb01f0f3b3b93f80f2ad0270c8786b1f1
scripts/manus/browser_bgm_player.gd	f83a05c56d5a529ab238cc265956778a17f583e2
scripts/manus/browser_bgm_player.gd.uid	1e4e7bb074eb4852ee9755f9d4f7a27b7fef1e06
scripts/manus/game_fonts.gd	cff16db79268ab9ca9abe67686317cebfc607a09
scripts/manus/game_fonts.gd.uid	4bc92a9922637dd4765041f2f96ab88a0d92c809
scripts/manus/open_source_licenses.gd	e4abf3b746918cb5d204338b4bed3666b4f5acf4
scripts/manus/open_source_licenses.gd.uid	ef59d34eca88b308b481ca8332dda80c2929e4cf
scripts/manus/preview/tuning_adapter.gd	f30406ac3363211a3d2eb20dc7fb07bcff3539a3
scripts/manus/preview/tuning_adapter.gd.uid	d5ec6dcb94640811bd659d3f33229b52cad050a1
scripts/manus/preview/tuning_transport.gd	845eedb5cfe41711f0f4b14f093159b45c825ecc
scripts/manus/preview/tuning_transport.gd.uid	0311e9b44d931f8e683c65150b165ef088571bb5
scripts/manus/procedural_sfx.gd	5bac89f3f21e5b2fe574b0896ad0f90f1792247a
scripts/manus/procedural_sfx.gd.uid	f3ab3b703686d25bccedc0e73d0204dee3e0bcab
scripts/manus/runtime-command.cjs	39fd46daecc470eaf3731632a1969e0f382144ad
scripts/persistence/native_save_host.gd	80e943b153e67b8febfdb5367151f3bea3a8889e
scripts/persistence/save_coordinator.gd	a511ed900bb0e11f74e106986ee068f10ab100d1
scripts/persistence/save_data_codec.gd	9135353dc223794bbebc4ca9114d4da64a80b3db
scripts/persistence/save_data_codec.gd.uid	9b9fb756caca5463bdb6bf48ba90556a8d2f47b2
scripts/persistence/save_files.gd	8d13fc8ef3f1d5b5d74886e17cf877378398a118
scripts/persistence/save_files.gd.uid	68b2801218e5c44d24319b4b379da0754d4dfda1
scripts/persistence/web_save_host.gd	b1bc8ec27e51185b45a5f1d32bfa3981114af9d4
scripts/persistence/web_save_host.gd.uid	d3650c152d58c52d7bd9e206d67b47a5cb460931
scripts/persistence/web_save_legacy_reply.gd	8e453677c2908c7f03e14c45c606f11e11f97c88
scripts/persistence/web_save_reply.gd	1a5541a70b3fd9a1ad7d9e2d0d297e092a9e0041
scripts/persistence/web_save_reply.gd.uid	7121cda3fce2174ebbdacae20a65e779ba09b56d
scripts/platform/motion_preference.gd	1038b94a03891f03a3ad13ae3d90b7b372859d79
scripts/platform/motion_preference.gd.uid	47819145ea92de5e98422f761b9147a8796bdd3b
scripts/score/run_score_service.gd	016ddbd0ea65e4d1694462cc7656495791b543c2
scripts/score/run_score_service.gd.uid	d4226f135b061b87e39a2e3d16f035c8a3defdb8
scripts/ui/arena_frame.gd	e90fd24d099c83c04e267b1842c9d312f29c7f40
scripts/ui/arena_frame.gd.uid	c243b78b8bb600d94d01e26321a71946a2518ec1
scripts/ui/menu_list.gd	fe829e7c9bfa93581d2952f0e8844432bf6f784f
scripts/ui/menu_list.gd.uid	395526aa5d93b770147d54ef75bac1fd834419d0
scripts/ui/photo_arrival.gd	eb255ad82968f638e49cad4c8dd2b5daa355c79b
scripts/ui/photo_arrival.gd.uid	706769f9e5c22967eb9b0b53caa072307a84c4b3
scripts/ui/photo_diary.gd	3026fb05fa603dd0a35681c4c9683ad7b262a0a3
scripts/ui/photo_diary.gd.uid	a317a35299d5df8727e2a8e5c9d9464858b16134
scripts/ui/photo_moment.gd	74d896d3267b5b0298f5a3e5b5ec83a8b17460b4
scripts/ui/photo_moment.gd.uid	1b027d5e7909b0516cbe661689b36b44c0d61ffe
scripts/ui/screen_factory.gd	8630f6b47ca6e88b5be52a1396a9e92efbcef4bd
scripts/ui/screen_factory.gd.uid	27a7e8b92cd7bb7e2ca0f90b9430ff798a9cb8c5
scripts/ui/title_art.gd	013f4285927d89810762028763c99e3581e370ba
scripts/ui/title_art.gd.uid	9136847041433d454d6b1107425e4f5f7d1cf37a
scripts/ui/tutorial_callout.gd	21ba58433205b6bb60869c0aa10909de5e742fe0
scripts/ui/tutorial_callout.gd.uid	d1c0191a2950f75818df9e3b42844bf91e7c4f5d
scripts/ui/web_hidpi.gd	397e093048f46b94d3a20e2644c385331c38b0a6
scripts/ui/web_hidpi.gd.uid	267ea4ca493b699367ec1c3d4de60069eeb3ffab
shaders/arcade_filter.gdshader	e4760cab6cac6d31a763e2c3fc5f672245ad8ee9
shaders/arcade_filter.gdshader.uid	2a1483a77c5d14ff9bbef71ee3e977fad6c98a99
shaders/felt_walk.gdshader	f8a104f67945f2c11f236ec061d4018d21ec893f
shaders/felt_walk.gdshader.uid	4c8465d263add74023aa75ebede951cdabf2b7d8
shaders/holo_panel.gdshader	f7cdd32b4bdef94767ea2b444a14c4b9f82ea897
shaders/holo_panel.gdshader.uid	4089b65c4e64143bf43a3d2bf490613fd5c007ae
shaders/logo_chrome.gdshader	5f644954f04124048fc65cd74f709927d1306f41
shaders/logo_chrome.gdshader.uid	3043bffbca66bdc0aaa2b52c1204b9efde9ff963
shaders/modal_backdrop.gdshader	f331ce5901a77174a809e2b0830ac7b364b5eb14
shaders/modal_backdrop.gdshader.uid	a2b115e2082012c1cbc0118216f6c1e696cf753f
site/THIRD_PARTY_NOTICES.txt	490778a9ef5ee2f51f4079e4ef7e49293e469162
site/game-release.json	82fc64d8108a342e04eab695c5b16543c5e6b8e2
site/game-sharing.json	fb33413a9dfe6b297fe3da5c644dc069d5c5333a
site/index.apple-touch-icon.png.import	494d76c05656d2fba1c7da96457963c689d456a7
site/index.audio.position.worklet.js	4e512c1e3c99c63cc69b0345b7bb250679e0d313
site/index.audio.worklet.js	3b94cab85cb937fa27056d17648cdbb73e44bdbd
site/index.html	8ba6dc638387892e8a67897ad792984ef3220dd9
site/index.icon.png.import	c808264908a0fc94c8fbb264c57462d6ba91c0f0
site/index.js	93f3f94ef262034ce6ae4a76071679e7bd24afda
site/index.png.import	777de074a2d05c2f54fd59c8701082f4b31ee97e
site/open-source-licenses.html	ad9ed8e77c0c50dd7dd3b1f24ba2b7417a66f601
site/share/744c4ef4ff02a5c20b4bf6b258cd91327cc6f16e40105c4b640c10bec936a509.png.import	ec41ebf998fb51cceba9e0f84481b87bb522667c
site/share/7e67d7987c0566aa7608d8069d8c49d1e195bf0ff0aa5c82d7808f2d470e45a3.png.import	c4a5eaf6b92f6a59a2cc04a4d43ed0750eefda6d
template-provenance.json	2d400af975b9ac2ecb8f2f9fd99fd860926cd545
template.json	4fad95346f5c75e70357defb5a1522a8e41f5806
test/album_layout_suite.gd	d8d989f093308ffbc8db537a4f1b1cd670d85ea7
test/album_short_landscape_suite.gd	2858e9119fa3ad26b8e5a7a04203828f315a9d5a
test/album_short_landscape_suite.gd.uid	f2240f086022911e9405703e4440fb56cf8bde22
test/animal_home_suite.gd	0e4fa3a53be607bdeb76ec0aa7da88375e0fd32e
test/animal_home_suite.gd.uid	017952922d055905e06230572f37c6d9dda5e084
test/audio_button_input_suite.gd	70b79621a6602dfaf6d06694e80e416180668ad4
test/audio_button_input_suite.gd.uid	3438a86331af5370c95f52b4dba36a5bec7cf9b7
test/authored_sequence_suite.gd	6eaabdef14da3ec8850262d4e1d2e3c2bd6feaeb
test/authored_sequence_suite.gd.uid	9771f7e5cc5dc951020961d5ebaa6c7cdb858672
test/boundary_feedback_suite.gd	da509f9ef5a6ef9fc79f7c3b74e8bad885ea56f0
test/boundary_feedback_suite.gd.uid	c596ee168be00e48df022d00f2af7d07dd166681
test/confirm_panel_fit_suite.gd	625e9d522b0e7df1f5ca221e419ce5ae28e987fe
test/confirm_panel_fit_suite.gd.uid	f7b6850b984b913e4023e75c91543f1f909de366
test/cow_glance_suite.gd	a2486ffa882a4c102ccbf5c77b9a7d223f4c9fd1
test/cow_glance_suite.gd.uid	94f170823313ab2490780ff3092d64d5a13c3022
test/day_label_layout_suite.gd	003d1d577e369d272dd0ec7872e5554b3c60e2ab
test/duck_attention_web/build.sh	47cc0bbd46981ff05b7d1e87218141a1c8f2d82c
test/duck_attention_web/observer.gd	c8b9acc09173e294f2e8b5033b95bab689705b7e
test/duck_attention_web/observer.gd.uid	39b9c91e8fb71cbbfd0562675e96a9cd56e4da40
test/duck_attention_web/run.py	95ced880a829e2ca298b13b1dc7854ea2e9f437f
test/duck_feed_attention_suite.gd	209ed34ba5003fd4b9b1945122392897672cbce0
test/duck_feed_attention_suite.gd.uid	66855c36bc33387b3badab6a4db24ebc6aa7d3eb
test/explicit_target_suite.gd	fefaf7a95e1e9131c92395ee1c8dd430ffe0df8f
test/explicit_target_suite.gd.uid	abfc9412e35180b7a2e914ecb5e0e180b46e03b3
test/exploration_cleanup_contract_suite.gd	89849b803499a2e42adb5afe21e079d9c5d6b43e
test/exploration_cleanup_contract_suite.gd.uid	5e7a37b0a6d6dde6c387700f859c423d88a0d87e
test/exploration_cleanup_preservation_suite.gd	75f6730b70d26ede0796b77058a465421f407e5a
test/exploration_cleanup_preservation_suite.gd.uid	ac1f40b8c20df04cbb6060fc59bdb9e2b6d294b0
test/exploration_core_suite.gd	bc6eaccad41d25c8034a9dde5e6865bd41117651
test/exploration_core_suite.gd.uid	8ca5e0c0cc5abe730568ccb4d1f7764b3aaa54d6
test/exploration_first_experience/experience_demo.gd	0a0bee25539f82237e6321da8872ee6fdcecafdd
test/exploration_first_experience/experience_demo.tscn	f1d27488c7c14113b3ccb643149f853051213f5e
test/exploration_first_experience/experience_export_presets.cfg	cb731ac02c91c954dc80961b81fcf3dd93bdf20f
test/exploration_first_experience/experience_project.godot	258b1b796dbbdee2b3b755d92a0e3e2dc3613e83
test/exploration_first_experience/experience_scroll.gd	97435264c19f8c169f2f8196bf06cff7dc59867a
test/exploration_first_experience/first_experience.gd	2a89a0817eaa9a9429812a98453de2d1b11ca090
test/exploration_first_experience/first_experience.tscn	fbe430a9243a6b295ce6328eef1260bcfd069d61
test/exploration_first_experience/first_experience_suite.gd	7c99178c5f1cdaec53c6269a9327ea7902786878
test/exploration_first_experience/framing_model.gd	01d6c0364032d88743215e0d5d901164627d18c6
test/exploration_return_adapter/adapted_scroll.gd	041c5afe0a4bf9362d0419c3b4d5c3e14c17b326
test/exploration_return_adapter/adapter_demo.gd	76ffdb7fef9b26629ce3cfeac57b5e6d560b1bf9
test/exploration_return_adapter/adapter_demo.tscn	6e7047682ad79223cb1fbb74b794d78746db24b8
test/exploration_return_adapter/adapter_export_presets.cfg	fb0d2d875acd9658c2acc91c86814b17daf4d1fd
test/exploration_return_adapter/adapter_project.godot	950def96e7b2dd3f9c793cc61af772ff70e357f3
test/exploration_return_adapter/return_adapter.gd	2cd028353133c6aa9f82570cac28c8356a4f58af
test/exploration_return_adapter/return_adapter.tscn	e4659d53c154bb734866e2cb9dac1b8cbfae5721
test/exploration_return_adapter/return_adapter_suite.gd	f484d0110bd6ca55b1be51052a3ecfbbb68cb6a9
test/exploration_return_adapter/sim_yard.gd	9ae414df14b221fee244eb1a5e1ca8a526dd9138
test/exploration_scroll_prototype/prototype_export_presets.cfg	680d4ab1ff7a42d6165ae103b222b8dfc32078ad
test/exploration_scroll_prototype/prototype_project.godot	90a8eb11d513a5c3290878f11d4eb3115e0775f8
test/exploration_scroll_prototype/scroll_demo.gd	c7d9acb493963de133d975d4b85825739afcd3d6
test/exploration_scroll_prototype/scroll_demo.tscn	462ea1d52d66919154bce77b91b8ad8d270e8985
test/exploration_scroll_prototype/scroll_input.gd	e9a17f8c2420d5357e5fee334daf63e74aa952fc
test/exploration_scroll_prototype/scroll_prototype.gd	3e8513bc8bfbfab63ab2560de4bee9c99648fe71
test/exploration_scroll_prototype/scroll_prototype.tscn	d24aa728e437da5bd24d225090ec0cb2896ab97c
test/exploration_scroll_prototype/scroll_prototype_suite.gd	f9c16a0e4e8dead1d9af2d29423edf9eb08df164
test/exploration_scroll_prototype/scroll_walk_model.gd	ff45a12fc4bc74a7ad2e3e03af7d430708cb47de
test/exploration_slice_suite.gd	da5f5e6280237fad03c649e7d7c7da28b202f7b3
test/exploration_slice_suite.gd.uid	c5f4dc57f648dd26ad264cce83b87a5ce4e21b46
test/fish_carry_consistency_suite.gd	f708386642562058986d83154f54825d5b77f66a
test/fish_miss_feedback_suite.gd	56f79e47bb80fb2f4717a9082a34cd18f379f2e2
test/fish_miss_feedback_suite.gd.uid	5dc91b85b8efb2de348074ca822f5d9b678ceec1
test/fish_miss_feedback_web/main.gd	1028f657b53479de39f9de6708aebb6fb7222df3
test/fish_miss_feedback_web/main.gd.uid	ed312c248c46b0821f051d5d8ae98ec40ec61352
test/fish_miss_feedback_web/main.tscn	9ae5001ca3149310e9688c24059c6f0b698941e8
test/fishing_active_hud_suite.gd	b08fdac6207d4426c0a682b79f242985ed366717
test/fixtures/album_landscape_photo.json	1b99335858aa884dbfb36be76be602aa646fbb51
test/fixtures/exploration_fake_host.gd	81e91fbd7941d3cf401a9fd3cf82c932bacabd5a
test/fixtures/exploration_fake_host.gd.uid	4d26ca47b3e3766d400eb3564aebdd7b2fa3c811
test/fixtures/exploration_fixture_routes.gd	904efa5e804760f6cce7241b96444dade0d762e8
test/fixtures/exploration_fixture_routes.gd.uid	a197a6ccc82477285bdc9ee1b9048c535007a3ce
test/fixtures/exploration_memory_store.gd	d3323daef3558f88507c5e4d71372cba49249400
test/fixtures/exploration_memory_store.gd.uid	eb3a1211c0d00527baf9b6a60ec2926e52a12845
test/godot_gate_test.sh	ef389c6afd927460a232d0a232542898654f4eb4
test/goose_feed_attention_suite.gd	633b43a57afdd9389bc09cc624de6c05eaa8b11f
test/goose_feed_attention_suite.gd.uid	0eddd2c6fde39e412f7b5669747e6c0f62161085
test/goose_mount_suite.gd	541b3bb324d4398aafecddd62fff9a0279863c2a
test/goose_mount_suite.gd.uid	61c1c3dc87f730870ed4f2a9442ede3558e58cdb
test/grass_action_suite.gd	703ebc5d56f3f3b3eaa3c7d41b685b908a99f673
test/grass_action_suite.gd.uid	f5c4e94afbc2e1ef786c8b6b8ace64973719cdd4
test/grass_state_suite.gd	74289d0bb440faecd312081689118ad17f41a819
test/grass_state_suite.gd.uid	3550336f6a3bc395184d02ceb755708945b754a7
test/hint_paper_fit_suite.gd	4904902400ffed07403ee1eefa62d4d1af2c0c97
test/hint_paper_fit_suite.gd.uid	6d7bdf65b1bdb675ea868bde652817bf3ceeb76a
test/holiday_start_once_suite.gd	3a1bf825b7cd32487581cac208434f90b9066940
test/interaction_photo_suite.gd	fa79adcade0018224be39e5234b5005032b108a6
test/interaction_photo_suite.gd.uid	b13dfe59e8017585ac037c1f429d4db58e9f01ee
test/interaction_pose_suite.gd	e343b9616ec56e892b38d17bc4cc17525142efee
test/interaction_pose_suite.gd.uid	1b967cecf18cf85a510bbf50ac8d042511265a02
test/keyboard_ground_suite.gd	ddb2a84de9ed37eeca3396e82c260227231866d4
test/keyboard_ground_suite.gd.uid	83a5c831cf81ad4f791015c1cf9b5d3a052a1810
test/leading_clearance_suite.gd	cd9723737b2b35f6d96799fb1f44d8a01572d293
test/leading_clearance_suite.gd.uid	26f87dc0f7a924f3881516e5c788dc16b8f860b4
test/legacy_inspection/README.md	ced713279651d1b0aff7e2a8afc39f8c804bb1d9
test/legacy_inspection/no-seal-evidence.json	28852a8a7d60a6b504f5d6f7f86bd456195fafd7
test/legacy_inspection/run.py	a86b8a403c74641e1dd6cf414b15ebfcf40a7426
test/legacy_inspection/sealed-evidence.json	28852a8a7d60a6b504f5d6f7f86bd456195fafd7
test/legacy_inspection/suite.html	7983a8c3e4faaceb3b925444f38b4a49c84f83d5
test/licenses_dialog_fit_suite.gd	c0ca0e6d0648d97853d7b7c8d994072366d9e5d2
test/licenses_dialog_fit_suite.gd.uid	c0c61a144ccfa221c392d695550909f6ccf8bece
test/loading_shell_test.cjs	20fafaec77199a7c357896ffbbae6e162b22890f
test/locomotion_suite.gd	0b26fe4b21154fd7439214c50c322ee833e04857
test/locomotion_suite.gd.uid	4ae771e7b813eaa5622f3b54d184459eed9589eb
test/locomotion_suite.tscn	5996aa9e5e3f67362bfe82234ec5cf19722c2570
test/mixed_input_photo_suite.gd	6a7d360273dc1daaa4cfee1d4fe27d0a5cd45836
test/mixed_input_photo_suite.gd.uid	ae6863906cd0d295f535126a6ec1e40a74ed29d8
test/motion_preference_suite.gd	5ec331f4989bec270f3fc07b42ef97fd1ea27991
test/motion_preference_suite.gd.uid	193eccc8989cc19b69daaa6915715c46833c62e6
test/motion_preference_test.cjs	e11d1ebec21043ae1d490bab079f9c62f031848a
test/native_save_host_suite.gd	5e61afb95d2d54c4d2132421bf9029fb89842bed
test/notice_paper_suite.gd	298f4f55b31b22653c6185a06392bf3663144ea3
test/notice_paper_suite.gd.uid	822e4bd79b77e61fec764ed52818bac3679f3f8f
test/pause_notice_suite.gd	180fd2b91f72bdfdb859becb0fdd9b8b49f9d7b2
test/pause_notice_suite.gd.uid	01778b80905cd70b6ca70264eb841960e2cae55b
test/photo_arrival_combo_suite.gd	0af8e2a1644bdfdcd8453d229242cb802d4c426e
test/photo_arrival_combo_suite.gd.uid	bf123ee7a10523c77a4d4c52f600f577a0a945e4
test/photo_arrival_fit_suite.gd	27f70875f3a3009a4eb35f7e8898bf1c044edc10
test/photo_arrival_fit_suite.gd.uid	b1722134e9862386f0deaa823a0150490626939b
test/photo_arrival_mat_suite.gd	abd2c22c2baafc1804fa05275f93a7c150ad553d
test/photo_arrival_mat_suite.gd.uid	a36e8b427f20edb5c216875bbacfe7540025c646
test/photo_home_suite.gd	3d7cea82218097ca060920fd5cd52b703c548597
test/photo_home_suite.gd.uid	a37d1aeeb27de736af97b935b5f11bf59528f9cf
test/photo_moment_render_suite.gd	69eecc72120e01821f0860a4189757f1ff79f45f
test/photo_moment_render_suite.gd.uid	cc85d8e8c8037d296efc79ceddcf4a2f0a2abfd1
test/photo_moment_save_suite.gd	ef4559d16af821e6045777d442b23bb63a2d752e
test/photo_moment_save_suite.gd.uid	aba96b38b514b1f4a856625a77e6ded8f3ee2916
test/photo_species_frame_suite.gd	7656c19da7344ec8c50a923f0cb24e132bb3fe68
test/photo_species_frame_suite.gd.uid	4b76112ebb8329f083833699ed1c544ce450e10b
test/photo_species_web/main.gd	49e37ad1a3519955c7753bf1bd3ca5e362e0833d
test/photo_species_web/main.gd.uid	2dffbc98c43694a7fd8a74d6f0c82b25aa0213b4
test/photo_species_web/main.tscn	cc4a2f4bb29428b645718c1951513c5fc992e4df
test/physical_yard_suite.gd	a5251baca8538a6a55b6e29cedc7f98b70f81f3b
test/physical_yard_suite.gd.uid	9029790d4c9770b6aeebd00eec971ca5dfb614df
test/portable_accept_suite.gd	76518afc0c4aefd499eccb22492c271a2f297473
test/portable_accept_suite.gd.uid	c4b537d4987d97288afd02e0b234fd179dccc001
test/production_save_host/README.md	70508a188121b4e388c97dea4939e0756e365bc2
test/production_save_host/build.sh	fb95e69c65f51f3045f6031499a5a27ab6c3beec
test/production_save_host/godot-evidence.json	8e148d59c050ac365b2ca4994ddde9875aa1eea4
test/production_save_host/main.gd	d3ef69882fb2b9f13c26bb12f3250ed73ec7a849
test/production_save_host/run.py	c6a2d6aef0a3439be41ca6ccb8a25b9d7f6b0f08
test/production_save_host/suite.html	eb2ea82f968a8390aee9403367da3790ece6f18c
test/production_save_host/suite.py	e82fa4466c94ad67255e8025c68556a41cdd070c
test/production_save_host/transaction-evidence.json	160d733d931d29e8f309a05cc98720cdc161c3d2
test/publish_storage_modules_test.py	70a8c49e4e430fd2f10da5e5fca4d2c8614f4de7
test/quiet_sky_look_suite.gd	7955165d270cd9962bf15f7c492e9468077bdeaa
test/quiet_sky_look_suite.gd.uid	6d6eeae221dafc36db0bb8c9a60afaaf2528b1c8
test/quiet_stay_suite.gd	f29182f32591e0a519b7bbeb80cb0d419b272a70
test/quiet_stay_suite.gd.uid	a8f3f0799ad0f89ded073c21eab0677a55f9bb82
test/save_candidate_suite.gd	d578e69002472c99aa7f4863a5793b1d6696fdde
test/save_candidate_suite.gd.uid	1a9554308884e2a1c3c6bab48e398c4185b98a10
test/save_coordinator_suite.gd	84974f74a94f791f45f16d9d44f088258bcc00a1
test/save_data_codec_suite.gd	db8c3a1ad94dfc35d0d16661989a0200c10478b5
test/save_data_codec_suite.gd.uid	4d813722550a496104d20146d363a1441f446249
test/save_feedback_suite.gd	fcccda1df26ac25f0c3deb7aaedb6dcdd5f8c1f2
test/save_feedback_suite.gd.uid	6bf50338e08974091972388fdda7bf0fb7b1e592
test/save_payload_budget/.gitignore	c18dd8d83ceed1806b50b0aaa46beb7e335fff13
test/save_payload_budget/bounds-evidence.json	32d4dd8ddeace33649dd00c6f26aadaa779580c4
test/save_payload_budget/bounds_model.py	75a3317fc0d8b8f7a4dabf471d1abd06142bc29d
test/save_payload_budget/evidence.json	35b5fcd1aacf99b4206c37ee72aa47f0d5f0078a
test/save_payload_budget/generate_bounds.gd	fa4fde1bb83fb346bdb963c02d622345f3c38029
test/save_payload_budget/generate_bounds.gd.uid	45971a7ebe8b5491d8a1db06f5566e7e736b3f68
test/save_payload_budget/generate_samples.gd	59b071da1c4e1dc2be2f0f62bf72ed50e948c4bc
test/save_payload_budget/generate_samples.gd.uid	c98e93c106d1c91e4b5c2b6a150dfe9086346874
test/save_payload_budget/host_budget.py	f2112cecf9696a4d7d87e13a34cb0ecdb7f8e108
test/save_payload_budget/host_replica.mjs	77384c7ed08f3d78073ca9a0071eb04c7fb474c8
test/save_payload_budget/rule_captures.gd	2a20352c8827086373311e2ef79c6ae0875399cd
test/save_payload_budget/rule_captures.gd.uid	5ea3bffdec7b9087c7e51776aab339f351fba8dc
test/save_payload_budget/run.sh	a7e3bdfd0654d5b96cdd5b77237d8d5b7a7e6e1a
test/save_payload_budget/run_bounds.sh	e9bd43264e9365bcf81123ed93d74ea78a6cb091
test/save_recovery_process_restart/.gdignore	e69de29bb2d1d6434b8b29ae775ad8c2e48c5391
test/save_recovery_process_restart/README.md	bb7fb454ed28605cd63abf046b1e8478d36e60e9
test/save_recovery_process_restart/evidence-repeat.json	388f769f75806b9db2b1c55b9fc7c7fd6c84d15e
test/save_recovery_process_restart/evidence.json	d3be358db34b71c5ff7e683150819124c3b6a7dc
test/save_recovery_process_restart/initial-review-failure.json	c0154d7f1c01450b6d75dcb3ee04f5e3df8221d5
test/save_recovery_process_restart/run.py	f32bc0f2597dc328a6f0f55de2da9469e9c0691e
test/save_recovery_suite.gd	6ea16c609e4c24e5f9e652dc88fd262ded02de92
test/save_recovery_suite.gd.uid	8146335e65095b840b495343777339ae53146be4
test/save_recovery_web/.gdignore	e69de29bb2d1d6434b8b29ae775ad8c2e48c5391
test/save_recovery_web/.gitignore	c18dd8d83ceed1806b50b0aaa46beb7e335fff13
test/save_recovery_web/driver.py	d7de91fc6bc54b1a63e9a263ed3c439e68fb6d57
test/save_recovery_web/evidence/2026-10-04-r2r3-12fd135-host-2edb2e7.json	adb634976166ab10bd20878f42e9736364f7ac00
test/save_recovery_web/evidence/2026-10-04-r2r3-errors-e4f9e24-host-2edb2e7.json	9929f14e29af1322d4a83eafa304d3ca69ab5785
test/save_recovery_web/fixture/facade.js	422078a674ab54572a1c471840b592385863a2ae
test/save_recovery_web/fixture/main.gd	4b33cc3c2dedf2a71cf9c5a6670713810cce761f
test/save_recovery_web/selfcheck/index.html	ee193634d38286ad8f0c2c54ea828bee708b7f67
test/save_writer_guidance_suite.gd	5acbf2ca1b34c962ab2647fbf5b0b55d4c49162d
test/save_writer_guidance_suite.gd.uid	2acdcaf65258976a7b348a6d43486fcde4fa85c7
test/scene_hotspot_suite.gd	9dec7edc68d689811929ec5ab557d2a608bf4d77
test/scene_hotspot_suite.gd.uid	22a76b322eb733136a01993a7b45ec5e8ba0dbf6
test/scrapbook_encounter_suite.gd	0e382ace0e25c232b2aca95a86dbe20307f8788a
test/scrapbook_encounter_suite.gd.uid	8005512d049310d6ffef965e237978633bfc38a7
test/scrapbook_visual_preview.gd	967311dde3097536cb7e41600a6fb4c3b169fd5b
test/scrapbook_visual_preview.gd.uid	cc514260ff36548bebbc43f2a1662921b083a7ae
test/sheep_attention_suite.gd	ab1546b167a458d45e2e35cbc47ada274e07b0ab
test/sheep_attention_suite.gd.uid	4e8d9ad0c7da9de96548e1b0fd75c638cb5107df
test/shipped_correctness_suite.gd	ea9a7541523fde9d0d4668db64f1d3ecbe9b6786
test/shipped_correctness_suite.gd.uid	864a79e82f4ec7078e917db4a037efb6daebdf38
test/soft_button_disabled_suite.gd	202b822e96fe5d43bfe677923faf71c2176019f0
test/soft_button_disabled_suite.gd.uid	fda7bc4206b64dc703fd7f7ed2a17a7d3d106221
test/soft_button_focus_contrast_suite.gd	aca9994b3c6b223d221d9870fb9bff87663769d0
test/soft_button_focus_contrast_suite.gd.uid	ba31c7aa4c6665571d23e9cfee5921cace31a5de
test/still_boundary_feedback_suite.gd	ec5abb00aa42c2bf359a2a020491f61eb7bf28dc
test/still_catch_suite.gd	4907a0bf07878c13829b7cfa2204681a64719343
test/still_grass_glow_suite.gd	dd1b2e454c2feea99bfb45581be415685f7275cf
test/still_grass_glow_suite.gd.uid	17b8e8ea531db0ab89cc2a3f46c2fe5eb2abbb56
test/still_object_feedback_suite.gd	557da04841336f84104d932590b10cd06dd1d14d
test/still_target_pulse_suite.gd	700dcb7746155cf0ad8a3f1a78f6b40c3659a5c6
test/test_suite.gd	74dcd65720c5c39570511d59382a4e6b83f72bdf
test/test_suite.gd.uid	4a6c82a3246f38fa6cc8b6d0af94710baa8dec1b
test/test_suite.tscn	69af80d2709e6628bd401ad377be5a4f54b067b5
test/title_card_suite.gd	705edae054cfa935751ff7f4f6d92c208e4876e4
test/title_licenses_link_contrast_suite.gd	c16ad194abb9b3ef06d985a89070191798ff9db5
test/title_licenses_link_contrast_suite.gd.uid	9976563d28d3e585789dbb126f7cfdc096797918
test/title_short_landscape_suite.gd	727ac016cdc797009224ef32bdce87f3dde44707
test/title_short_landscape_suite.gd.uid	b0ae534d1b26b4735698bdd8ce52f0fd1614f480
test/tuning_bridge_contract.gd	99eb8514be3fbc88129c701a6ba0e32d76c85d73
test/tuning_bridge_contract.gd.uid	02afe3a5fec9c04579377e66f900f5fff1da32e6
test/ui_interaction_suite.gd	bd57d5de07d3d43bdbd7bb5c9fb6a1cbc03a5e64
test/ui_interaction_suite.gd.uid	1f6745917e8c9483f9b5b42c636bbd4ffd2ca511
test/ui_viewports.gd	019f99c7032e5544bd83186a96c5e45ba303a9ea
test/ui_viewports.gd.uid	b014eb721f96b9e98071d8f0798304bd6d29bdee
test/walk_calibration/.gdignore	e69de29bb2d1d6434b8b29ae775ad8c2e48c5391
test/walk_calibration/browser-evidence.json	cd6b28e1ecedf50bd181880e2046ac69fca6c3e5
test/walk_calibration/check_browser.py	770f5de169ec0dd5ade50fd9d0b38462a3585fa6
test/walk_calibration/data.json	b70d64d59fe5b660eba7223f68d5788188140a5a
test/walk_calibration/generate.py	d168eda910f8c3ffa9e7102d877c9dbff529bb26
test/walk_calibration/index.html	49cf66c7890d1f807a70f666a84facdc1fa007d6
test/web_bundle_retention_test.py	b579ce622eb822277848206a1844e25c21925f50
test/web_hidpi_suite.gd	c832b5430ecb97855691545e942f5a059fd298fd
test/web_hidpi_suite.gd.uid	8e2a582985872bf4948a9981e41e184ddebce545
test/web_save_bridge/README.md	a0b82eb40039e7b8fbf79ef79944bd06a3c9db7f
test/web_save_bridge/build.sh	cfddcff7115ec1fd1df9e2566d800ead59e2d0e0
test/web_save_bridge/decoder_suite.gd	0f26b9b3d15ea9aacf296d0c53f4470543c22180
test/web_save_bridge/evidence.json	43cd60430a873feb9a7ddc300818ace93656021b
test/web_save_bridge/legacy_suite.gd	8c53c3f5686f7885f408dd083bb20b52b45dee4e
test/web_save_bridge/main.gd	7b6e5ac8d0081e05ebcc3a34efc50d26a830e3c7
test/web_save_bridge/run.py	388f1e75d34638038267786fab34f8407c518198
test/yard_audio_suite.gd	65f56beb265bf6dc6e0ca921377cf1cb1d79c614
test/yard_audio_suite.gd.uid	6b00ac552717d2fd1f24792c58b7153e839a8c5d
test/yard_decor_prototype/app.mjs	22433c402b5e021bf951a260e3675b687eba8cf7
test/yard_decor_prototype/index.html	ff9883bfe52180e05bc244b74923e75fc9a5cfb2
test/yard_decor_prototype/model.mjs	6ff0a7e7a2f028833a4bc1b047bde1b71ae61477
test/yard_decor_prototype/space.html	517dcfd10ced5d268dbb3d6e3407a447c0d0625b
test/yard_decor_prototype/space.mjs	88f6356b75ebd7b244d5727b824137e8162682f0
test/yard_decor_prototype/suite.mjs	090c6cf37906d2c9afb9da0e73ae41bc4e03d384
test/yard_snapshot_suite.gd	48d0270260d7a8ba5e2b24725fe4f513809cf748
test/yard_snapshot_suite.gd.uid	4fcb66a7f5669c57090fbf76d0d46db9577d0a18
tools/bake_resident_grass_actions.gd	c436e83e07d3d967db3c10eec89338c68b54c4e0
tools/bake_resident_grass_actions.gd.uid	2516ec769442d5bc0a326602f680ddd71230c00f
tools/bake_resident_idle.gd	3f411a35f08f0efa5e13f9c17dcbb075289985da
tools/bake_resident_idle.gd.uid	a1bf3fc10f29e504c0e7e592dc264b4520d80170
tools/bake_resident_walk.gd	b5a0abede57d53b50508b9f55a22fa9e5a4e600a
tools/bake_resident_walk.gd.uid	cc901cf6f30567327422e9c195840425217d6dba
tools/build_cjk_font.py	dd2a5a944c7de770b7efde8bc2e0010068dc9eda
tools/build_cjk_font_subset.py	1a224c7194816d30087ffe5af030cef96f2e61f7
tools/capture_authored_poses.gd	f38a16517c5e5f7311f246c0c6f13bc2e55c5f5d
tools/capture_authored_poses.gd.uid	61486299f58498b6181d2bcfc4d32ee091d98f0f
tools/capture_cast_v2.gd	dee1cc02170ae301c12e8f6dee29da6a63d53a9e
tools/capture_cast_v2.gd.uid	4d8009ab9df9dcea150f99c547fd94dfe7b1f058
tools/capture_daily_life.gd	009682dfd0a711089e5d89b214a5215e7324f71c
tools/capture_daily_life.gd.uid	3e049fa88e248c95cf1d5b72f49391c8d820561d
tools/capture_exploration_slice.gd	34191739edd2e1cf2a549ea5abbae4fd7112d9c4
tools/capture_exploration_slice.gd.uid	bb5c70ed7909726f660911edefc20277a06b3e5a
tools/capture_find_reveal.gd	a2f02dbdfb10b6d8ffadeedf7ce24d17733d4fa7
tools/capture_find_reveal.gd.uid	38f455e2c788659971ca06cd7fe24aaabd62cc6f
tools/capture_gameplay_input.gd	fbf2b5d2608b3efb22b6c0df7a2862dec12eec93
tools/capture_gameplay_input.gd.uid	468aca6d34e6b0d370cc4f0032a7004d01891e51
tools/capture_llama_faces.gd	deedac0ca7560f3e0d3328bd2c14b15625b9c9f4
tools/capture_llama_faces.gd.uid	91c7d2093c9f27f1e8d61fac79779e0901ff26ad
tools/capture_locomotion.gd	6017b82c06e5a0af819c6f2614228c88b7fdb3e9
tools/capture_locomotion.gd.uid	2588c636d3ab601819287db338a520d74fbc3406
tools/capture_mobile_controls.gd	043b314c5092b8c62292f965161e8a22da758b72
tools/capture_mobile_controls.gd.uid	0e5812bea55d85810d32eb3baceaee3ac93adcac
tools/capture_native.gd	bdedcecbac1eceadb23ba0abce2c28818c4e1758
tools/capture_native.gd.uid	68d74a30443d1ea9763ac0f3eab4c9b41cd0fc24
tools/capture_near_path_clean.gd	12554d82e07a767bb2d264e8974d2894586bdc54
tools/capture_near_path_clean.gd.uid	4ee49ccc7d0f90cee061ef8fb2c10827f1fda199
tools/capture_physical_routes.gd	7cdbc7a1994ff89c7d14a995953cc38b1e9fbd93
tools/capture_physical_routes.gd.uid	9046f61a72e0f92119c17f1ed30e6390e3a8f758
tools/capture_planted_gait.gd	f618e7d0c0c5c35216e9156c2e33f984f81266fd
tools/capture_planted_gait.gd.uid	2195d85e5c6cc2e966322a0d634b2e34b9202379
tools/capture_resident_sequence.gd	ec880a980baafca934b96b1047d1c093f000cec7
tools/capture_resident_sequence.gd.uid	978d0e6280ed979f180ad46ce0277f08df373be0
tools/capture_sky_acceptance.gd	f33720adfb145b9a3944a85282816a5a0fd44003
tools/capture_sky_acceptance.gd.uid	c9f78eb187bbe0cbdd17bff6718293d7bb27b6ff
tools/capture_tap_home.gd	fabe83c9569ad38e8292452af154fa121b581fed
tools/capture_tap_home.gd.uid	19e2b2f218f90463b252be106530b8be2763fe8e
tools/capture_traveler_rest.gd	00028ae1dbb797a1457952393059dc6b7d7c7dd2
tools/capture_traveler_rest.gd.uid	ec28d955a6a92e984a8c2c135a8a3d259fc44e7c
tools/duck_feed_contact/.gdignore	e69de29bb2d1d6434b8b29ae775ad8c2e48c5391
tools/duck_feed_contact/capture.gd	b87da67a2bd9089ddd9ed8d0b25325bdabfc939a
tools/duck_feed_contact/contact_model.gd	7cd7c2c567d5dd93bb93eb6740d7a1f5b35b2f19
tools/duck_feed_contact/suite.gd	e1d9cbd47dcfd0a06646f775f56cae4925822c82
tools/game-runtime-font-codepoints.json	d58015f2c8148087b62a53d7893da2591ffa5cac
tools/game-runtime-font.json	b592ef10ae9fc7cfc2e5a8b3836dbb1f580515ce
tools/game-runtime-font.requirements.txt	0810aab0e2ee9e8c03cc20d7e738a2b180ffa1ca
tools/install_cjk_font.py	28de478c5dd3ba4e09d7f3241957772cf4c3f1a3
tools/lib/exploration_workdir.sh	355b5a18d1405731d2068e7c4c1aa36778aa37d7
tools/lib/godot_suite_completions.tsv	4d86172e43db71a3bf103f019ce432ba4e3606ca
tools/lib/verified_godot.sh	b56686b1ce55cdc339ff5d071d39b86d7aedad0b
tools/publish_gh_pages.sh	971cc1e7d740830db235ad045f501e7835fe48ab
tools/rebuild_loader_cjk.py	ed0ec4d0fc89cea0489fe43f472b7bbfa68703dc
tools/run_exploration_first_experience.sh	3e7d72be2419ad91a9f9706b1b4aa1f2a1f7dd27
tools/run_exploration_return_adapter.sh	7a4e47ee74ee42b583608766ec546b17c355da3b
tools/run_exploration_scroll_prototype.sh	6dbca2c792ec26f1f460cc017382a438d425e8fb
tools/run_fish_carry_suite.sh	9f7b38a37d6856e3ed77b07d61eab4ef0f9bea94
tools/run_yard_decor_prototype.sh	4e42c890f3868b6d040b151b640810becb770850
tools/select_web_bundle_pruning.py	98d8c2d3d9fe795966f10b8042e4104b5f43372c
tools/verify.sh	06ee2f37c0294fb9e8ff6457c88ac0200124188b
tools/verify_clean_scaffold.sh	3b029a6240080d83229cbded84bab38f280b465e
tools/verify_daily_life.sh	194976d9a5a062d1869e991f4f19814be8769654
tools/verify_exported_pack.gd	501d621d3d19fd49c5e59ef475ca5e8d69fa1d6a
tools/verify_exported_pack.gd.uid	da1eb24aff4da704f73c864031593b0d247e6f96
tools/verify_locomotion.sh	0f71fa4aed5473532e02b87ceb667078612111fb
tools/verify_save_recovery_web.sh	608042e259694c5f151eb75a3f6e3f826d058418
tools/verify_still_props_render.gd	4d2770ad4be9a3395f774e26e9777c691234f4e3
tools/verify_still_props_render.gd.uid	835c73d31629fe764950c7d2e85ea44225776e8b
tools/verify_still_props_render.tscn	3164c1bd694de697fb6e003a969a40180e226881
tools/verify_target_pulse_render.gd	49a08bc12bc3d21cbca45ad455c3fff02a2473e2
tools/verify_target_pulse_render.tscn	7227051a6565a259fa4e56f9342daa62b8fff2cc
web/loader-cjk.json	aee946dd02e2509373364b7224aa29d19fbed5eb
web/loading.html	ffef910fda91911564a86809d58c19371148caa9
web/save/bridge.mjs	b28e79f06de1d727e3fe454b0442082ba77c33c5
web/save/budgets.mjs	2a2abebdd318a04d63c9eeee3fb275f59e1d58ae
web/save/host.mjs	ffba045c0a3d0f2fe736f715bedb34da1c3c3e47
web/save/idbfs_source.mjs	bc1bf875e6726864b93299c469eb53c36956d18f
web/save/legacy_inspection.mjs	908794da407c525d1b68cac46737e6de61872784
web/save/legacy_seal.mjs	ae76de7400979664b23df34ac4300bf086f96fd7
web/save/legacy_v5.mjs	d5074e50774eb985e5d9c6e95fa6dcfdc0c4c12c
web/save/lifecycle.mjs	d30f5af087694e6dbf30d19e021b5509a8f74801
web/save/source_decode.mjs	3fb4b38fd00d399c6258ad4f7b5d08aa89ffbc26
web/save/store.mjs	4a05c51fd980f64ebb5033d8915ea6f4b044a3b6
