245382d57da5c90aa59819a867ea9834d32a0266	2026-10-06T22:52:57+08:00	Merge pull request #501 from narutojzm1-dot/codex/lead-grok-ui-integration
6557240172b504a61b9d66710383e891106cc21c	2026-10-06T22:32:20+08:00	Merge pull request #500 from narutojzm1-dot/codex/lead-cloud-bounds-400
2963e3ede434747d63c19f84b8aba4b880c04f8a	2026-10-06T21:48:57+08:00	Merge pull request #496 from narutojzm1-dot/codex/lead-modal-382
06d0349c2346f2f009830e355a94039360955847	2026-10-06T16:09:33+08:00	feat: integrate painted exploration finds and readable ground feather (#495)
0cc6d794c80b1dd94ec5b79c4d7deab980c5ce65	2026-10-06T11:29:39+08:00	docs: clarify independent Grok UI ownership [skip ci]
708e0767565af79f040613ca9ca8b1099c176f7f	2026-10-06T11:26:25+08:00	docs: update delivered weather and tooltip status [skip ci]
3e0680210b69665a5a46ad295ed3fe71e10d512a	2026-10-06T11:14:38+08:00	feat: finish warm paper tooltip integration (#488)
709a3b70766c2c69804a295070d99dc50e76194b	2026-10-06T11:01:16+08:00	feat: deliver aligned overcast transitions and photo compatibility (#486)
c0ac293971ca08213b38c4300bffc5997af900bb	2026-10-06T10:46:02+08:00	docs: apply user-directed team consolidation (#485) [skip ci]
f5f22df95beb133df7902549b237a3e93bca3b4f	2026-10-06T10:43:58+08:00	Merge pull request #484 from narutojzm1-dot/cursor/exp-reveal-caption-safe-a84c
deef96a8fb896f57682f5887c0b7ef9e29bd5ec0	2026-10-06T10:27:40+08:00	Merge pull request #483 from narutojzm1-dot/cursor/exp-qa004-font-recheck-a84c
8128c72c1804e0d020fce36853f5c6f6fe0311b6	2026-10-06T10:25:33+08:00	Merge pull request #482 from narutojzm1-dot/work/game-pm/20261006-1020
267b0cb3df5842170877bf55e438917ad4253ce8	2026-10-06T09:49:09+08:00	Merge pull request #478 from narutojzm1-dot/work/codex-lead/camera400-backdrop-bounds
c159a4916bfd503c766ddfa0abc1f719fc69e5de	2026-10-06T09:31:55+08:00	Merge pull request #477 from narutojzm1-dot/work/game-pm/20261006-0920
d21030dfc243926b7e6a1849151ada1eadab75ef	2026-10-06T09:24:55+08:00	Merge pull request #476 from narutojzm1-dot/work/codex-lead/volume466-slider-paper
c9f41319c1653d855791ee185031a8bc3b510f0b	2026-10-06T09:17:53+08:00	Merge pull request #475 from narutojzm1-dot/cursor/exp-reveal-return-restore-evidence-a84c
8ae57959ff95117047c4362704c298b583d651a7	2026-10-06T09:03:06+08:00	Merge pull request #474 from narutojzm1-dot/work/codex-lead/photo454-public
c50188a417920e3f400c833ebcf44fe9f28c89b4	2026-10-06T08:48:44+08:00	Merge pull request #469 from narutojzm1-dot/work/codex-lead/loading167-acceptance
5bbba19f0090c3ec35c30166fa02fea669efdb3a	2026-10-06T08:35:36+08:00	Merge pull request #471 from narutojzm1-dot/work/game-pm/20261006-0820
175bfce8f9ef02991022188172de4cf3fec007d0	2026-10-06T08:31:23+08:00	Merge pull request #468 from narutojzm1-dot/work/game-producer/168-restored-sky-candidate
dbf6f5aa902ecefeb168657e81a3bb12d97dbcbd	2026-10-06T08:27:42+08:00	Merge pull request #467 from narutojzm1-dot/cursor/exp-reveal-resize-a84c
b9f68c3c5c4e70e16cefde9b4400bb1d553ff915	2026-10-06T08:14:40+08:00	Merge pull request #465 from narutojzm1-dot/work/codex-lead/camera400-handoff-check
49596fa93bff3c29edfe441898017158c6e469a3	2026-10-06T07:46:12+08:00	Merge pull request #464 from narutojzm1-dot/work/codex-lead/photo461-shutter-paper
cd836bf9e823b4e6276731b69e57f167c84547b8	2026-10-06T07:25:52+08:00	Merge pull request #463 from narutojzm1-dot/work/game-pm/20261006-0720
b300da74bf157de3f152e63331096cb1eb28b3f7	2026-10-06T07:19:39+08:00	Merge pull request #462 from narutojzm1-dot/work/codex-lead/publisher130-sparse-history
9623ba22c8edc564e5c89dc6b0171324e9230764	2026-10-06T06:50:12+08:00	Merge pull request #460 from narutojzm1-dot/work/codex-lead/soft455-disabled
870f4faebd6e28c7314e9db97cb39ae27819eded	2026-10-06T06:36:45+08:00	Merge pull request #458 from narutojzm1-dot/work/codex-lead/pr130-sparse-source
87076010555fc7283b97b583eff60a5fd8a9fccb	2026-10-06T06:23:41+08:00	Merge pull request #457 from narutojzm1-dot/work/game-pm/20261006-0620
a0bb75e38e59032a6df72a2122af4403c3c3e816	2026-10-06T06:01:27+08:00	Merge pull request #454 from narutojzm1-dot/work/codex-lead/photo447-mat
67c87f08c673c18b33fd14ddfe8be54991024f3c	2026-10-06T05:23:42+08:00	Merge pull request #453 from narutojzm1-dot/work/game-pm/20261006-0520
d788f48b5f8d322d2d1dc86551fcab87770ee897	2026-10-06T05:17:30+08:00	Merge pull request #450 from narutojzm1-dot/work/codex-lead/pr130-validation
16ef89a2bcd7245485ad5f116b251cd2978d25d7	2026-10-06T05:05:01+08:00	Merge pull request #452 from narutojzm1-dot/work/codex-lead/test130-completion
de4ba4227a1ce0eff5db1106a051bdf9845332a9	2026-10-06T04:57:06+08:00	Merge pull request #451 from narutojzm1-dot/work/codex-lead/soft444-integration
d5e9a6e6f20e2f1afbeb02ff18b905f8a81b41c0	2026-10-06T04:43:24+08:00	Merge pull request #449 from narutojzm1-dot/work/codex-lead/hotspot36-reduced-motion
85fada2edb5be5c4930a7ccf651ad7bfa1473073	2026-10-06T04:40:45+08:00	Merge pull request #448 from narutojzm1-dot/work/codex-lead/relationship45-public
de8e9d1f9bc83dd0d157c86d80093fe800f689cb	2026-10-06T04:30:41+08:00	Merge pull request #446 from narutojzm1-dot/work/game-pm/20261006-0420
8f464b25598421b448a2af9c10a6b0653bf11e1a	2026-10-06T04:22:08+08:00	Merge pull request #445 from narutojzm1-dot/cursor/exp-cleanup-test-harden-a84c
a99660937ef2942779d9cf217079559611616efa	2026-10-06T03:50:45+08:00	Merge pull request #443 from narutojzm1-dot/work/codex-lead/heteroswap305-bounded
e77d5a37b151325e46c4a616b603b8420d9aa00b	2026-10-06T03:35:13+08:00	Merge pull request #442 from narutojzm1-dot/work/codex-lead/title439-public
39fa4163382a339887b48be4ce40f8f5d6c3507f	2026-10-06T03:30:24+08:00	Merge pull request #441 from narutojzm1-dot/work/codex-lead/cleanup438-public
bc6af295d57a32f834848733ba7f1cf378816875	2026-10-06T03:26:23+08:00	Merge pull request #440 from narutojzm1-dot/work/game-pm/20261006-0320
089d453dc7b4ac8a8b5dbe8fc250d032c6e80b21	2026-10-06T02:59:51+08:00	Merge pull request #439 from narutojzm1-dot/work/codex-lead/title436-release-integration
83b893035d76e9cdd1966b724fb748fab5e3ef59	2026-10-06T02:55:36+08:00	Merge pull request #438 from narutojzm1-dot/work/codex-lead/cleanup-invalid-preservation
52ba934cdd252b09d83d0b8e2be30544bdb622e2	2026-10-06T02:45:47+08:00	Merge pull request #435 from narutojzm1-dot/work/game-pm/20261006-0220
cd3a6705b8a121dac0a266e5bf9b17ae38d848df	2026-10-06T02:42:47+08:00	Merge pull request #437 from narutojzm1-dot/work/codex-lead/album433-public-evidence
515f3550c41555dd4ccc160a767d0f72ccc584d2	2026-10-06T02:35:31+08:00	Merge pull request #434 from narutojzm1-dot/work/codex-lead/holiday432-public-evidence
cdec7a6a5b8f13307048e60f6e1f57d49f5b5881	2026-10-06T02:27:52+08:00	Merge pull request #427 from narutojzm1-dot/cursor/exp-cleanup-wiring-a84c
c6e5c9b8b1764f8c41eb492b56b4d11da7f1386b	2026-10-06T02:26:12+08:00	Merge pull request #433 from narutojzm1-dot/work/codex-lead/album431-release-integration
96f090a63e0997244924a7463bd0e52a025b57b1	2026-10-06T02:03:08+08:00	Merge pull request #432 from narutojzm1-dot/work/codex-lead/holiday-start-once
60a324ed4e33914ba6e5f4c497688bf412ae0470	2026-10-06T01:57:09+08:00	Merge pull request #430 from narutojzm1-dot/work/codex-lead/cleanup427-evidence
13918eb1a679eb3ed7ea528e1715f59dc035c0af	2026-10-06T01:56:16+08:00	Merge pull request #429 from narutojzm1-dot/work/codex-lead/gate399-touch-evidence
